{"type": "FeatureCollection", "features": [{"type": "Feature", "id": 4599333, "geometry": {"type": "LineString", "coordinates": [[-116.50005734464183, 53.628269510404415], [-116.50215470526281, 53.62827531828011]]}, "properties": {"OBJECTID": 4599333, "FEATURE_TYPE": 5, "NAME": "Grande Prairie Trail Road", "HWY_NUMBER": " ", "ROAD_CLASS": "OTHER", "GEO_SOURCE": "SPTADD", "GEO_DATE": 1120176000000, "UPDATE_DATE": 1719705600000}}, {"type": "Feature", "id": 4599335, "geometry": {"type": "LineString", "coordinates": [[-116.50462599439561, 53.628299744693415], [-116.50758611301376, 53.62828822812399]]}, "properties": {"OBJECTID": 4599335, "FEATURE_TYPE": 5, "NAME": "Grande Prairie Trail Road", "HWY_NUMBER": " ", "ROAD_CLASS": "OTHER", "GEO_SOURCE": "SPTADD", "GEO_DATE": 1120176000000, "UPDATE_DATE": 1719705600000}}, {"type": "Feature", "id": 4599336, "geometry": {"type": "LineString", "coordinates": [[-116.51483904021501, 53.628278812986835], [-116.51483342628232, 53.62582286191621]]}, "properties": {"OBJECTID": 4599336, "FEATURE_TYPE": 4, "NAME": "", "HWY_NUMBER": " ", "ROAD_CLASS": "OTHER", "GEO_SOURCE": "20KADD", "GEO_DATE": 484444800000, "UPDATE_DATE": 1584403200000}}, {"type": "Feature", "id": 4599343, "geometry": {"type": "LineString", "coordinates": [[-116.65477551999628, 53.62733170655448], [-116.65549488269463, 53.62725558747071], [-116.6560690745347, 53.62684471761537]]}, "properties": {"OBJECTID": 4599343, "FEATURE_TYPE": 14, "NAME": "", "HWY_NUMBER": " ", "ROAD_CLASS": "OTHER", "GEO_SOURCE": "SPTADD", "GEO_DATE": 1153526400000, "UPDATE_DATE": null}}, {"type": "Feature", "id": 4599344, "geometry": {"type": "LineString", "coordinates": [[-116.5811193441485, 53.62357772118059], [-116.58112935675146, 53.624755372397054], [-116.58115245033329, 53.62584040067489], [-116.58115149496643, 53.62838497535358]]}, "properties": {"OBJECTID": 4599344, "FEATURE_TYPE": 5, "NAME": "", "HWY_NUMBER": " ", "ROAD_CLASS": "OTHER", "GEO_SOURCE": "IRSADD", "GEO_DATE": 969667200000, "UPDATE_DATE": 1583712000000}}, {"type": "Feature", "id": 4599347, "geometry": {"type": "LineString", "coordinates": [[-116.51409793680008, 53.628280140500024], [-116.51409501252381, 53.62945836998483]]}, "properties": {"OBJECTID": 4599347, "FEATURE_TYPE": 4, "NAME": "", "HWY_NUMBER": " ", "ROAD_CLASS": "OTHER", "GEO_SOURCE": "SPTADD", "GEO_DATE": 1120176000000, "UPDATE_DATE": 1660089600000}}, {"type": "Feature", "id": 4599349, "geometry": {"type": "LineString", "coordinates": [[-116.51409501252381, 53.62945836998483], [-116.51409814094694, 53.629819337469065]]}, "properties": {"OBJECTID": 4599349, "FEATURE_TYPE": 4, "NAME": "", "HWY_NUMBER": " ", "ROAD_CLASS": "OTHER", "GEO_SOURCE": "SPTADD", "GEO_DATE": 1120176000000, "UPDATE_DATE": 1660089600000}}, {"type": "Feature", "id": 4599354, "geometry": {"type": "LineString", "coordinates": [[-116.64412224062309, 53.62705559704373], [-116.64412244030476, 53.62703730757981], [-116.64411080702796, 53.62633614725373], [-116.64416372705533, 53.62528576277947], [-116.64417645698227, 53.625211275464714], [-116.64426799572719, 53.62515428346414], [-116.6444071068438, 53.6251152167173], [-116.64459397231177, 53.62509871483625]]}, "properties": {"OBJECTID": 4599354, "FEATURE_TYPE": 4, "NAME": "", "HWY_NUMBER": " ", "ROAD_CLASS": "OTHER", "GEO_SOURCE": "SPTADD", "GEO_DATE": 1413849600000, "UPDATE_DATE": 1583712000000}}, {"type": "Feature", "id": 4599355, "geometry": {"type": "LineString", "coordinates": [[-116.6375163273224, 53.628514322705804], [-116.63757647061227, 53.62847877445892], [-116.63773860397953, 53.62838294508424], [-116.63787290231406, 53.6282847400276], [-116.63801678401279, 53.628180863857914], [-116.63812990704479, 53.6280991944798], [-116.63819495213345, 53.628073320213154], [-116.63826177389863, 53.62805433463548], [-116.63837794461175, 53.62805017675657], [-116.63851832447682, 53.62805104724002], [-116.63874230303371, 53.628097948309765], [-116.6396559502985, 53.62827816939135], [-116.6402652311267, 53.62838204508158], [-116.64050779326402, 53.62841283140936], [-116.64088069912184, 53.62842913452709], [-116.64176384646572, 53.62844200640004], [-116.64375865323063, 53.62844190782545], [-116.64408948462601, 53.6284459842505], [-116.64438019855146, 53.62846268072715]]}, "properties": {"OBJECTID": 4599355, "FEATURE_TYPE": 14, "NAME": "", "HWY_NUMBER": " ", "ROAD_CLASS": "OTHER", "GEO_SOURCE": "SPTADD", "GEO_DATE": 1413849600000, "UPDATE_DATE": 1453248000000}}, {"type": "Feature", "id": 4599356, "geometry": {"type": "LineString", "coordinates": [[-116.65477551999628, 53.62733170655448], [-116.65473418038644, 53.62785334436032], [-116.65476443310096, 53.628470832648006]]}, "properties": {"OBJECTID": 4599356, "FEATURE_TYPE": 4, "NAME": "", "HWY_NUMBER": " ", "ROAD_CLASS": "OTHER", "GEO_SOURCE": "20KADD", "GEO_DATE": 484444800000, "UPDATE_DATE": 1583712000000}}, {"type": "Feature", "id": 4599357, "geometry": {"type": "LineString", "coordinates": [[-116.54303505631921, 53.629560677306415], [-116.54098791917158, 53.6299558620642], [-116.53927824508486, 53.63027528960602], [-116.53804511603298, 53.63050046740781], [-116.53733981431975, 53.630605873272266], [-116.53686169473714, 53.63064412879482], [-116.53650435472301, 53.63066075944505], [-116.53620674801759, 53.630648522709315], [-116.5357870506135, 53.6306217940179], [-116.53529926478666, 53.63057988026075], [-116.53413145816849, 53.6304722406322], [-116.53208550524923, 53.63026032053378]]}, "properties": {"OBJECTID": 4599357, "FEATURE_TYPE": 5, "NAME": "", "HWY_NUMBER": " ", "ROAD_CLASS": "OTHER", "GEO_SOURCE": "SPTADD", "GEO_DATE": 1413849600000, "UPDATE_DATE": 1660089600000}}, {"type": "Feature", "id": 4599362, "geometry": {"type": "LineString", "coordinates": [[-116.51410350908583, 53.63012648584857], [-116.51412710892879, 53.63147694345282], [-116.51414854913405, 53.63153375708913], [-116.51418253577583, 53.631579769675135], [-116.51452981291978, 53.631868492651186]]}, "properties": {"OBJECTID": 4599362, "FEATURE_TYPE": 14, "NAME": "", "HWY_NUMBER": " ", "ROAD_CLASS": "OTHER", "GEO_SOURCE": "SPTADD", "GEO_DATE": 1120176000000, "UPDATE_DATE": null}}, {"type": "Feature", "id": 4599366, "geometry": {"type": "LineString", "coordinates": [[-116.6375163273224, 53.628514322705804], [-116.63746518688426, 53.629586348231236], [-116.63750700565424, 53.63032143824221], [-116.63758230877512, 53.630845483466274], [-116.63758705128703, 53.631185612734015], [-116.63761467085007, 53.63133607798095]]}, "properties": {"OBJECTID": 4599366, "FEATURE_TYPE": 14, "NAME": "", "HWY_NUMBER": " ", "ROAD_CLASS": "OTHER", "GEO_SOURCE": "20KADD", "GEO_DATE": 484444800000, "UPDATE_DATE": null}}, {"type": "Feature", "id": 4599369, "geometry": {"type": "LineString", "coordinates": [[-116.53208550524923, 53.63026032053378], [-116.53207935252101, 53.63335827187787], [-116.53208259153466, 53.633482774763905]]}, "properties": {"OBJECTID": 4599369, "FEATURE_TYPE": 5, "NAME": "Grande Prairie Trail Road", "HWY_NUMBER": " ", "ROAD_CLASS": "OTHER", "GEO_SOURCE": "SPTADD", "GEO_DATE": 1413849600000, "UPDATE_DATE": 1719705600000}}, {"type": "Feature", "id": 4599370, "geometry": {"type": "LineString", "coordinates": [[-116.52428396415705, 53.633446717535236], [-116.52510931280489, 53.63343296866809], [-116.52705844147134, 53.633474897422836], [-116.52952201669676, 53.63349300056848], [-116.53208259153466, 53.633482774763905]]}, "properties": {"OBJECTID": 4599370, "FEATURE_TYPE": 14, "NAME": "", "HWY_NUMBER": " ", "ROAD_CLASS": "OTHER", "GEO_SOURCE": "20KADD", "GEO_DATE": 484444800000, "UPDATE_DATE": null}}, {"type": "Feature", "id": 4599375, "geometry": {"type": "LineString", "coordinates": [[-116.56651912323903, 53.62837863791187], [-116.5665237643487, 53.628971337448824], [-116.5665629519953, 53.63011689952116], [-116.56661975139633, 53.630435214831586], [-116.56666715177485, 53.63050305319482], [-116.566775875386, 53.630658654303375], [-116.56707027917209, 53.63092613963804], [-116.56737600716134, 53.63113913893821], [-116.56788784604748, 53.631469361003944], [-116.56817543457217, 53.63171114981461], [-116.56841395391237, 53.63192502709463], [-116.56855559612234, 53.63211733209989], [-116.56867139484562, 53.63238992314544], [-116.56871665056097, 53.632850150087805], [-116.5687630640248, 53.63416194407679]]}, "properties": {"OBJECTID": 4599375, "FEATURE_TYPE": 4, "NAME": "", "HWY_NUMBER": " ", "ROAD_CLASS": "OTHER", "GEO_SOURCE": "SPTADD", "GEO_DATE": 1413849600000, "UPDATE_DATE": 1660089600000}}, {"type": "Feature", "id": 4599376, "geometry": {"type": "LineString", "coordinates": [[-116.50758611301376, 53.62828822812399], [-116.50761644956498, 53.633077041901394]]}, "properties": {"OBJECTID": 4599376, "FEATURE_TYPE": 5, "NAME": "", "HWY_NUMBER": " ", "ROAD_CLASS": "OTHER", "GEO_SOURCE": "SPTADD", "GEO_DATE": 1120176000000, "UPDATE_DATE": 1584403200000}}, {"type": "Feature", "id": 4599377, "geometry": {"type": "LineString", "coordinates": [[-116.57597472363594, 53.63425911411636], [-116.57386194378097, 53.63423337879035], [-116.57266973015355, 53.63420146161654], [-116.57116784370356, 53.63418549507888], [-116.5697960084571, 53.63416780493459], [-116.56922710352924, 53.63416457789128], [-116.5687630640248, 53.63416194407679]]}, "properties": {"OBJECTID": 4599377, "FEATURE_TYPE": 14, "NAME": "", "HWY_NUMBER": " ", "ROAD_CLASS": "OTHER", "GEO_SOURCE": "IRSADD", "GEO_DATE": 906249600000, "UPDATE_DATE": 1453248000000}}, {"type": "Feature", "id": 4599384, "geometry": {"type": "LineString", "coordinates": [[-116.5687630640248, 53.63416194407679], [-116.56883978835619, 53.63438007694754], [-116.56903313783711, 53.63482772088814], [-116.5691773502855, 53.63503947762565], [-116.56932688071373, 53.63525904238825], [-116.56962120693531, 53.635603125490164], [-116.56964981264865, 53.63566306053941], [-116.56966672957827, 53.63573975457006], [-116.56962706679816, 53.63581776886274], [-116.56966061157607, 53.63591250614812], [-116.56992707846936, 53.63649044079585]]}, "properties": {"OBJECTID": 4599384, "FEATURE_TYPE": 4, "NAME": "", "HWY_NUMBER": " ", "ROAD_CLASS": "OTHER", "GEO_SOURCE": "SPTADD", "GEO_DATE": 1413849600000, "UPDATE_DATE": 1660089600000}}, {"type": "Feature", "id": 4599386, "geometry": {"type": "LineString", "coordinates": [[-116.56992707846936, 53.63649044079585], [-116.57009147060317, 53.63695455681023], [-116.57017264567943, 53.637291536705874], [-116.57024907090967, 53.63750036294896], [-116.57038963395344, 53.63765212122059]]}, "properties": {"OBJECTID": 4599386, "FEATURE_TYPE": 4, "NAME": "", "HWY_NUMBER": " ", "ROAD_CLASS": "OTHER", "GEO_SOURCE": "SPTADD", "GEO_DATE": 1120176000000, "UPDATE_DATE": 1660089600000}}, {"type": "Feature", "id": 4599396, "geometry": {"type": "LineString", "coordinates": [[-116.57038963395344, 53.63765212122059], [-116.57054661277513, 53.637836196335854], [-116.57095340808809, 53.63802778345232], [-116.57159448423438, 53.63822786732791], [-116.57248022756865, 53.63845369855535], [-116.572923213417, 53.63856950464628], [-116.57316702137585, 53.63857209196522], [-116.57342901492488, 53.63853969142132], [-116.57356392421913, 53.63849737534255], [-116.57357064797088, 53.63841620186449]]}, "properties": {"OBJECTID": 4599396, "FEATURE_TYPE": 10, "NAME": "", "HWY_NUMBER": " ", "ROAD_CLASS": "OTHER", "GEO_SOURCE": "SPTADD", "GEO_DATE": 1120176000000, "UPDATE_DATE": 1660089600000}}, {"type": "Feature", "id": 4599403, "geometry": {"type": "LineString", "coordinates": [[-116.53208259153466, 53.633482774763905], [-116.5320823081483, 53.63357546046416], [-116.53207763746079, 53.63510567895506], [-116.53210675675564, 53.63646156839207], [-116.53210078531326, 53.637401510335586], [-116.53224109877236, 53.63795887470497], [-116.5325031995079, 53.63856226797551], [-116.53282059585018, 53.639034085314684], [-116.53338545614724, 53.63970498116546], [-116.53402649379841, 53.64026782460285], [-116.5347036856394, 53.640723128486485], [-116.53492188223422, 53.64082950315635]]}, "properties": {"OBJECTID": 4599403, "FEATURE_TYPE": 5, "NAME": "Grande Prairie Trail Road", "HWY_NUMBER": " ", "ROAD_CLASS": "OTHER", "GEO_SOURCE": "SPTADD", "GEO_DATE": 1413849600000, "UPDATE_DATE": 1719705600000}}, {"type": "Feature", "id": 4599412, "geometry": {"type": "LineString", "coordinates": [[-116.65016926322104, 53.63978873456344], [-116.65084006340786, 53.639867921425434], [-116.6533680391033, 53.6400730112476], [-116.65405451003056, 53.64009325717068], [-116.6545858896346, 53.64005202372049], [-116.65483740016775, 53.64001143091741], [-116.65623360723444, 53.63978605661114], [-116.65672149729609, 53.63978911504861], [-116.65723192273877, 53.639826456217044], [-116.65784966589302, 53.639917746322624], [-116.65863438111191, 53.63999179176294], [-116.65888195600972, 53.64003699760214], [-116.65977971054508, 53.640200933022335], [-116.66012896198504, 53.6402647073291], [-116.66046345275149, 53.64028297217382]]}, "properties": {"OBJECTID": 4599412, "FEATURE_TYPE": 14, "NAME": "", "HWY_NUMBER": " ", "ROAD_CLASS": "OTHER", "GEO_SOURCE": "OPHADD", "GEO_DATE": 1000425600000, "UPDATE_DATE": null}}, {"type": "Feature", "id": 4599416, "geometry": {"type": "LineString", "coordinates": [[-116.50761133645442, 53.6346414261563], [-116.50760678460887, 53.635411362447186], [-116.50762968389897, 53.636053512356774], [-116.50761291490586, 53.63760413954267], [-116.50762809694055, 53.63966837849984]]}, "properties": {"OBJECTID": 4599416, "FEATURE_TYPE": 4, "NAME": "", "HWY_NUMBER": " ", "ROAD_CLASS": "OTHER", "GEO_SOURCE": "SPTADD", "GEO_DATE": 1530057600000, "UPDATE_DATE": 1660089600000}}, {"type": "Feature", "id": 4599424, "geometry": {"type": "LineString", "coordinates": [[-116.53492188223422, 53.64082950315635], [-116.53258415235942, 53.642451559751834], [-116.53224143308543, 53.64277505881223]]}, "properties": {"OBJECTID": 4599424, "FEATURE_TYPE": 4, "NAME": "", "HWY_NUMBER": " ", "ROAD_CLASS": "OTHER", "GEO_SOURCE": "SPTADD", "GEO_DATE": 1621555200000, "UPDATE_DATE": 1661212800000}}, {"type": "Feature", "id": 4599425, "geometry": {"type": "LineString", "coordinates": [[-116.53224143308543, 53.64277505881223], [-116.53057373008396, 53.6427747092404], [-116.52933170023876, 53.64275489381101], [-116.52883097192276, 53.64274939252221], [-116.52858867907338, 53.64269300177091], [-116.52842471309754, 53.64258802303777], [-116.52825945949047, 53.64244736819108], [-116.5280511733137, 53.642223984559706], [-116.52784374900288, 53.642024382359736], [-116.52747236794967, 53.641719799668785], [-116.52718404387812, 53.641497435887246], [-116.52687657098886, 53.641299108475714], [-116.52640815375248, 53.64107903999782], [-116.5258013800621, 53.64090832081138], [-116.52519632756298, 53.64078516491001], [-116.52440774855306, 53.64056916688574]]}, "properties": {"OBJECTID": 4599425, "FEATURE_TYPE": 14, "NAME": "", "HWY_NUMBER": " ", "ROAD_CLASS": "OTHER", "GEO_SOURCE": "SPTADD", "GEO_DATE": 1120176000000, "UPDATE_DATE": null}}, {"type": "Feature", "id": 4599430, "geometry": {"type": "LineString", "coordinates": [[-116.53224143308543, 53.64277505881223], [-116.53219078998748, 53.64293637524866], [-116.53220238946567, 53.64379517496644]]}, "properties": {"OBJECTID": 4599430, "FEATURE_TYPE": 4, "NAME": "", "HWY_NUMBER": " ", "ROAD_CLASS": "OTHER", "GEO_SOURCE": "SPTADD", "GEO_DATE": 1413849600000, "UPDATE_DATE": 1661212800000}}, {"type": "Feature", "id": 4599432, "geometry": {"type": "LineString", "coordinates": [[-116.50533165921608, 53.64357413701049], [-116.50534401215057, 53.64372401503925], [-116.50538232854396, 53.64381522013692], [-116.50543347990192, 53.64387292325428], [-116.50553281524695, 53.643905015371615], [-116.50570285050857, 53.643952887488176], [-116.50604410976446, 53.6440819583959], [-116.50629452923548, 53.644220505259156], [-116.50658030156403, 53.64436694314545], [-116.50678880846698, 53.64451018473565], [-116.50696062999968, 53.6446080443262], [-116.50713786628522, 53.64465850457478]]}, "properties": {"OBJECTID": 4599432, "FEATURE_TYPE": 10, "NAME": "", "HWY_NUMBER": " ", "ROAD_CLASS": "OTHER", "GEO_SOURCE": "SPTADD", "GEO_DATE": 1120176000000, "UPDATE_DATE": 1456876800000}}, {"type": "Feature", "id": 4599442, "geometry": {"type": "LineString", "coordinates": [[-116.53220400431651, 53.64518036673301], [-116.53220238946567, 53.64379517496644]]}, "properties": {"OBJECTID": 4599442, "FEATURE_TYPE": 4, "NAME": "", "HWY_NUMBER": " ", "ROAD_CLASS": "OTHER", "GEO_SOURCE": "SPTADD", "GEO_DATE": 1413849600000, "UPDATE_DATE": 1661212800000}}, {"type": "Feature", "id": 4599443, "geometry": {"type": "LineString", "coordinates": [[-116.5394395610937, 53.642904566880965], [-116.53928088402019, 53.64304369344638], [-116.53924664062531, 53.6431394184003], [-116.53929806610999, 53.64325646039277], [-116.53940810075214, 53.64342879940375], [-116.53953617615844, 53.643578484895514], [-116.5395681345543, 53.64367896290534], [-116.53956258313025, 53.643785528701], [-116.53950005604607, 53.64388161659166], [-116.53941765053547, 53.64394993606077], [-116.5393073675087, 53.64402982376107], [-116.53917741150269, 53.64408754383752], [-116.53899027381732, 53.64412918472535], [-116.53875640179542, 53.64418263588799], [-116.53856126340803, 53.644263613668784], [-116.53843354888711, 53.64438295841697], [-116.5383257098874, 53.64453007342363], [-116.53828489036805, 53.64470435110638], [-116.53828076299196, 53.644850132321864], [-116.53832296278765, 53.64497289950056], [-116.53839344887103, 53.64509530223759], [-116.53848238441367, 53.64520625802234], [-116.53868568758452, 53.64534937306036], [-116.5389558071019, 53.64551404923521], [-116.53912939869514, 53.64561831079624], [-116.53932021583879, 53.64567751143694], [-116.53969899421512, 53.64571748001144], [-116.539945364881, 53.64574794015697], [-116.54018210088664, 53.64577291931737], [-116.5403626755554, 53.645809830509464], [-116.54045982186149, 53.645887048919036], [-116.54050141640491, 53.64599300800467], [-116.54052394962315, 53.64609360704057]]}, "properties": {"OBJECTID": 4599443, "FEATURE_TYPE": 14, "NAME": "", "HWY_NUMBER": " ", "ROAD_CLASS": "OTHER", "GEO_SOURCE": "SPTADD", "GEO_DATE": 1120176000000, "UPDATE_DATE": 1661212800000}}, {"type": "Feature", "id": 4599445, "geometry": {"type": "LineString", "coordinates": [[-116.52734621430162, 53.646579776095166], [-116.52803281451327, 53.64636509195075], [-116.52834280716097, 53.64632250505872], [-116.52859910536779, 53.646318046286765], [-116.52964112440532, 53.64634865271587], [-116.53022867256753, 53.646344620894816], [-116.53091124710446, 53.64620916215574], [-116.5310992548305, 53.646148039548876]]}, "properties": {"OBJECTID": 4599445, "FEATURE_TYPE": 14, "NAME": "", "HWY_NUMBER": " ", "ROAD_CLASS": "OTHER", "GEO_SOURCE": "OPHADD", "GEO_DATE": 1000425600000, "UPDATE_DATE": null}}, {"type": "Feature", "id": 4599453, "geometry": {"type": "LineString", "coordinates": [[-116.52734621430162, 53.646579776095166], [-116.52500041410512, 53.647302260266045]]}, "properties": {"OBJECTID": 4599453, "FEATURE_TYPE": 14, "NAME": "", "HWY_NUMBER": " ", "ROAD_CLASS": "OTHER", "GEO_SOURCE": "SPTADD", "GEO_DATE": 1120176000000, "UPDATE_DATE": null}}, {"type": "Feature", "id": 4599455, "geometry": {"type": "LineString", "coordinates": [[-116.5394395610937, 53.642904566880965], [-116.54265492746553, 53.6443387684798], [-116.54467666166565, 53.64524775366196], [-116.54710509489921, 53.64632146067358], [-116.54864857851946, 53.64705804910896], [-116.54946059258756, 53.64735355932897], [-116.55019893499247, 53.64759051583035], [-116.5510501298529, 53.647783501885634], [-116.55195759522928, 53.64795025178291], [-116.55316537496775, 53.64811309778336], [-116.5550055065202, 53.648352725545934], [-116.55661585229494, 53.64860349165694]]}, "properties": {"OBJECTID": 4599455, "FEATURE_TYPE": 5, "NAME": "Grande Prairie Trail Road", "HWY_NUMBER": " ", "ROAD_CLASS": "OTHER", "GEO_SOURCE": "SPTADD", "GEO_DATE": 1120176000000, "UPDATE_DATE": 1719705600000}}, {"type": "Feature", "id": 4599467, "geometry": {"type": "LineString", "coordinates": [[-116.56758795794134, 53.64425870837505], [-116.56744373595978, 53.64468889191689], [-116.56705935951639, 53.645122219437205], [-116.56651443221548, 53.64554574994568], [-116.56604293535538, 53.645789860116864], [-116.5655505392208, 53.646010448824406], [-116.56491760554209, 53.6462209750471], [-116.56450437162832, 53.64641672973803], [-116.56419428201278, 53.64669441527982], [-116.56381476379224, 53.64692816411378]]}, "properties": {"OBJECTID": 4599467, "FEATURE_TYPE": 10, "NAME": "", "HWY_NUMBER": " ", "ROAD_CLASS": "OTHER", "GEO_SOURCE": "SPTADD", "GEO_DATE": 1413849600000, "UPDATE_DATE": 1661212800000}}, {"type": "Feature", "id": 4599472, "geometry": {"type": "LineString", "coordinates": [[-116.60567821364779, 53.63752276870351], [-116.60571386704314, 53.63908712985606], [-116.60569246413517, 53.64024018659152], [-116.60571479096359, 53.641257035980026], [-116.60570158998709, 53.64219686465326], [-116.60572207977737, 53.64316530243937], [-116.60577019048048, 53.64426415889704], [-116.60575358281417, 53.64698882718725], [-116.60571903332661, 53.648714375747566], [-116.60571879507351, 53.6487411271014]]}, "properties": {"OBJECTID": 4599472, "FEATURE_TYPE": 5, "NAME": "", "HWY_NUMBER": " ", "ROAD_CLASS": "OTHER", "GEO_SOURCE": "20KADD", "GEO_DATE": 484444800000, "UPDATE_DATE": 1660521600000}}, {"type": "Feature", "id": 4599476, "geometry": {"type": "LineString", "coordinates": [[-116.65802253755018, 53.651059903299405], [-116.65879131955819, 53.64911903670159], [-116.65918760945695, 53.64808521653106], [-116.65920002955853, 53.64805281736698]]}, "properties": {"OBJECTID": 4599476, "FEATURE_TYPE": 4, "NAME": "", "HWY_NUMBER": " ", "ROAD_CLASS": "OTHER", "GEO_SOURCE": "20KADD", "GEO_DATE": 484444800000, "UPDATE_DATE": 1661212800000}}, {"type": "Feature", "id": 4599478, "geometry": {"type": "LineString", "coordinates": [[-116.65802253755018, 53.651059903299405], [-116.65823134590231, 53.6509757298696], [-116.65846965454743, 53.650924839334735], [-116.65882874810148, 53.65089012062284], [-116.65929978925621, 53.65090143822996], [-116.66040315713559, 53.65095157393245], [-116.66163732212966, 53.65101772908474], [-116.66190845357316, 53.65103775930519]]}, "properties": {"OBJECTID": 4599478, "FEATURE_TYPE": 4, "NAME": "", "HWY_NUMBER": " ", "ROAD_CLASS": "OTHER", "GEO_SOURCE": "20KADD", "GEO_DATE": 484444800000, "UPDATE_DATE": 1661212800000}}, {"type": "Feature", "id": 4599479, "geometry": {"type": "LineString", "coordinates": [[-116.60570532241636, 53.650253811063635], [-116.60829154862459, 53.65027703215146], [-116.60855264450566, 53.65029731790233], [-116.6087641580554, 53.65033016730808], [-116.6109977398321, 53.65113887730536], [-116.61196070440906, 53.65144713674834], [-116.61293187696194, 53.65170768914132], [-116.61374698896346, 53.65188759120346]]}, "properties": {"OBJECTID": 4599479, "FEATURE_TYPE": 4, "NAME": "", "HWY_NUMBER": " ", "ROAD_CLASS": "OTHER", "GEO_SOURCE": "SPTADD", "GEO_DATE": 1413849600000, "UPDATE_DATE": 1661212800000}}, {"type": "Feature", "id": 4599484, "geometry": {"type": "LineString", "coordinates": [[-116.64641853178063, 53.652759548524315], [-116.64644131977293, 53.65273098135227], [-116.64644763988011, 53.652723057803044], [-116.64648649442897, 53.65267434983492], [-116.64665287620082, 53.65246577208369], [-116.64737299661567, 53.651562999722], [-116.64844166008197, 53.650388225392696], [-116.64869974445608, 53.65008700596039], [-116.64937706636663, 53.649296458306424], [-116.64979669816745, 53.64876411303022]]}, "properties": {"OBJECTID": 4599484, "FEATURE_TYPE": 14, "NAME": "", "HWY_NUMBER": " ", "ROAD_CLASS": "OTHER", "GEO_SOURCE": "20KADD", "GEO_DATE": 484444800000, "UPDATE_DATE": null}}, {"type": "Feature", "id": 4599485, "geometry": {"type": "LineString", "coordinates": [[-116.63835419588308, 53.64760249132572], [-116.63933134737168, 53.647603071363214], [-116.63982742481272, 53.64761986550238], [-116.64012585149543, 53.647731464662634], [-116.64059961182681, 53.64808632307125], [-116.64217116775505, 53.649363910209644], [-116.64287149119224, 53.64995749677519], [-116.64319563351295, 53.65023223256318], [-116.6440556789927, 53.65096115450482], [-116.64459360189775, 53.651370593918934], [-116.64641853178063, 53.652759548524315]]}, "properties": {"OBJECTID": 4599485, "FEATURE_TYPE": 4, "NAME": "", "HWY_NUMBER": " ", "ROAD_CLASS": "OTHER", "GEO_SOURCE": "20KADD", "GEO_DATE": 484444800000, "UPDATE_DATE": 1661212800000}}, {"type": "Feature", "id": 4599508, "geometry": {"type": "LineString", "coordinates": [[-116.62641060423809, 53.64803509883572], [-116.62644595010016, 53.64803493784024], [-116.62845053852465, 53.64802581414006], [-116.63024042382597, 53.648050414038565], [-116.63027722738512, 53.648293889132006], [-116.63027870723946, 53.64830368497481], [-116.63027908851113, 53.650203647420845], [-116.63027949566843, 53.652225376714526], [-116.63027952934453, 53.65231016339946], [-116.63028027189785, 53.65419098509191], [-116.63028028067961, 53.65421373036681], [-116.63028031020467, 53.654286363782504]]}, "properties": {"OBJECTID": 4599508, "FEATURE_TYPE": 4, "NAME": "", "HWY_NUMBER": " ", "ROAD_CLASS": "OTHER", "GEO_SOURCE": "20KADD", "GEO_DATE": 484444800000, "UPDATE_DATE": 1661212800000}}, {"type": "Feature", "id": 4599509, "geometry": {"type": "LineString", "coordinates": [[-116.63028031020467, 53.654286363782504], [-116.63027991333531, 53.654286357496204], [-116.62709892844879, 53.65423500167536], [-116.6247912694685, 53.65420113129701]]}, "properties": {"OBJECTID": 4599509, "FEATURE_TYPE": 4, "NAME": "", "HWY_NUMBER": " ", "ROAD_CLASS": "OTHER", "GEO_SOURCE": "SPTADD", "GEO_DATE": 1120176000000, "UPDATE_DATE": 1661212800000}}, {"type": "Feature", "id": 4599527, "geometry": {"type": "LineString", "coordinates": [[-116.50762525071623, 53.64295757149369], [-116.50799957037967, 53.64304635906124], [-116.50869070529691, 53.64333804885762], [-116.5092381517299, 53.64353042221783], [-116.50953451532463, 53.64365064981259], [-116.50987810326765, 53.643790034096696], [-116.51050656813942, 53.64400814734494], [-116.5112859858219, 53.64424814610978], [-116.51255082768911, 53.644624771529756], [-116.51321870545367, 53.64482452786249], [-116.5138653002542, 53.64498885831401], [-116.51415953731707, 53.64509815789619], [-116.51435349675012, 53.64520277744406], [-116.51449849084587, 53.645337758694986], [-116.51455427722078, 53.64549766213996], [-116.51458046974311, 53.645669836819216], [-116.51452980431964, 53.64593221140555], [-116.51451001147615, 53.64621798988816], [-116.51448703095339, 53.64669416040746], [-116.51453324685457, 53.64714566089849], [-116.51457690663104, 53.64752581191229], [-116.5146601694248, 53.64789356498755], [-116.51484180189489, 53.64821248506524], [-116.51506261342867, 53.64850711538744], [-116.51539713705897, 53.648901430115295], [-116.51557579400452, 53.64913710817604], [-116.5156437290524, 53.64935634221587], [-116.5157050705136, 53.64967083598165], [-116.51573128806062, 53.65012258910111], [-116.51575323895709, 53.65045542632186], [-116.51567084693859, 53.65067061568152], [-116.51555821667075, 53.65088023894319], [-116.51547688911279, 53.651125156237065], [-116.51541813396643, 53.65144117035986], [-116.51536065894302, 53.6517928586467], [-116.51526293741288, 53.65213910835518], [-116.51528509922983, 53.65247789172373], [-116.51539307290847, 53.65269661901359], [-116.51551914479013, 53.65286158012399], [-116.51581706920986, 53.65307195424372], [-116.51630921063767, 53.65339288881258], [-116.51645573342559, 53.653569487621], [-116.51653368984265, 53.65378859412792], [-116.51659184343802, 53.654013899404184], [-116.51660144806947, 53.65428145985592], [-116.51658698022595, 53.65443630427808], [-116.51661062597933, 53.65453712889942], [-116.51670454684958, 53.654643012057164], [-116.51700569230894, 53.65494256892941], [-116.51795431471795, 53.65598342736443], [-116.5188978534322, 53.65688157855766], [-116.51917534700505, 53.65713777464074], [-116.51940979660789, 53.6573542287733]]}, "properties": {"OBJECTID": 4599527, "FEATURE_TYPE": 4, "NAME": "", "HWY_NUMBER": " ", "ROAD_CLASS": "OTHER", "GEO_SOURCE": "20KADD", "GEO_DATE": 484444800000, "UPDATE_DATE": 1661212800000}}, {"type": "Feature", "id": 4599529, "geometry": {"type": "LineString", "coordinates": [[-116.51940979660789, 53.6573542287733], [-116.52651038675117, 53.657372711073386]]}, "properties": {"OBJECTID": 4599529, "FEATURE_TYPE": 14, "NAME": "", "HWY_NUMBER": " ", "ROAD_CLASS": "OTHER", "GEO_SOURCE": "IRSADD", "GEO_DATE": 969667200000, "UPDATE_DATE": null}}, {"type": "Feature", "id": 4599532, "geometry": {"type": "LineString", "coordinates": [[-116.58489118401774, 53.65629801072558], [-116.58604135259323, 53.655978019790865], [-116.5869184435683, 53.655704658866455], [-116.58777504345315, 53.655478782174576], [-116.58806495922764, 53.65540233028065], [-116.58901840495056, 53.65509199470907], [-116.58960004259103, 53.65492533582225], [-116.5900808880636, 53.65478755594156], [-116.59114926981619, 53.65444125284192], [-116.59263274530103, 53.65400061639917], [-116.59269690630063, 53.65398155812354], [-116.5933687342744, 53.65378200535474], [-116.59339555234432, 53.653774039365395], [-116.59544541826118, 53.65316510962362], [-116.598380799451, 53.65232044413869], [-116.59963341779985, 53.6519599690186]]}, "properties": {"OBJECTID": 4599532, "FEATURE_TYPE": 5, "NAME": "", "HWY_NUMBER": " ", "ROAD_CLASS": "OTHER", "GEO_SOURCE": "SPTADD", "GEO_DATE": 1378944000000, "UPDATE_DATE": 1661212800000}}, {"type": "Feature", "id": 4599536, "geometry": {"type": "LineString", "coordinates": [[-116.52651038675117, 53.657372711073386], [-116.52775076573815, 53.657390505525136], [-116.52792380522342, 53.65743696903836], [-116.52941279874653, 53.658024111356895]]}, "properties": {"OBJECTID": 4599536, "FEATURE_TYPE": 14, "NAME": "", "HWY_NUMBER": " ", "ROAD_CLASS": "OTHER", "GEO_SOURCE": "SPTADD", "GEO_DATE": 1120176000000, "UPDATE_DATE": null}}, {"type": "Feature", "id": 4599540, "geometry": {"type": "LineString", "coordinates": [[-116.605718664376, 53.652333166325555], [-116.60572532242426, 53.65337131460677], [-116.60574447667796, 53.65489920061986], [-116.60572111055163, 53.6552479924665], [-116.6057030856203, 53.6563946959087], [-116.60569337605882, 53.65701206364702], [-116.60573361512029, 53.65723709560293], [-116.60588108995111, 53.6573896248904], [-116.60604439424401, 53.65746904462058], [-116.6062282598293, 53.657486980447935], [-116.60739361511202, 53.65750877294871]]}, "properties": {"OBJECTID": 4599540, "FEATURE_TYPE": 4, "NAME": "", "HWY_NUMBER": " ", "ROAD_CLASS": "OTHER", "GEO_SOURCE": "SPTADD", "GEO_DATE": 1413849600000, "UPDATE_DATE": 1453248000000}}, {"type": "Feature", "id": 4599541, "geometry": {"type": "LineString", "coordinates": [[-116.60817385358337, 53.65750928841995], [-116.60739361511202, 53.65750877294871]]}, "properties": {"OBJECTID": 4599541, "FEATURE_TYPE": 4, "NAME": "", "HWY_NUMBER": " ", "ROAD_CLASS": "OTHER", "GEO_SOURCE": "SPTADD", "GEO_DATE": 1120176000000, "UPDATE_DATE": null}}, {"type": "Feature", "id": 4599542, "geometry": {"type": "LineString", "coordinates": [[-116.62088921789133, 53.65746656482986], [-116.60817385358337, 53.65750928841995]]}, "properties": {"OBJECTID": 4599542, "FEATURE_TYPE": 4, "NAME": "", "HWY_NUMBER": " ", "ROAD_CLASS": "OTHER", "GEO_SOURCE": "SPTADD", "GEO_DATE": 1120176000000, "UPDATE_DATE": null}}, {"type": "Feature", "id": 4599543, "geometry": {"type": "LineString", "coordinates": [[-116.62088921789133, 53.65746656482986], [-116.62363822474535, 53.65745795790469], [-116.62465851470188, 53.65745475114342], [-116.62635063894531, 53.65742421484551], [-116.627690310786, 53.65743476407048]]}, "properties": {"OBJECTID": 4599543, "FEATURE_TYPE": 4, "NAME": "", "HWY_NUMBER": " ", "ROAD_CLASS": "OTHER", "GEO_SOURCE": "20KADD", "GEO_DATE": 484444800000, "UPDATE_DATE": null}}, {"type": "Feature", "id": 4599544, "geometry": {"type": "LineString", "coordinates": [[-116.63028031020467, 53.654286363782504], [-116.63028027858131, 53.656022563663015], [-116.63024250304552, 53.65709334779193], [-116.63023103268928, 53.65741849893935]]}, "properties": {"OBJECTID": 4599544, "FEATURE_TYPE": 4, "NAME": "", "HWY_NUMBER": " ", "ROAD_CLASS": "OTHER", "GEO_SOURCE": "20KADD", "GEO_DATE": 484444800000, "UPDATE_DATE": 1661212800000}}, {"type": "Feature", "id": 4599545, "geometry": {"type": "LineString", "coordinates": [[-116.627690310786, 53.65743476407048], [-116.62853216883273, 53.65744137668065], [-116.63023103268928, 53.65741849893935]]}, "properties": {"OBJECTID": 4599545, "FEATURE_TYPE": 4, "NAME": "", "HWY_NUMBER": " ", "ROAD_CLASS": "OTHER", "GEO_SOURCE": "20KADD", "GEO_DATE": 484444800000, "UPDATE_DATE": null}}, {"type": "Feature", "id": 4599546, "geometry": {"type": "LineString", "coordinates": [[-116.63586453806734, 53.6574067500712], [-116.63587557536587, 53.656159355744826], [-116.63588732991359, 53.654830711080336], [-116.6358912592297, 53.654386265706776]]}, "properties": {"OBJECTID": 4599546, "FEATURE_TYPE": 4, "NAME": "", "HWY_NUMBER": " ", "ROAD_CLASS": "OTHER", "GEO_SOURCE": "20KADD", "GEO_DATE": 484444800000, "UPDATE_DATE": 1661817600000}}, {"type": "Feature", "id": 4599547, "geometry": {"type": "LineString", "coordinates": [[-116.63023103268928, 53.65741849893935], [-116.63032839628167, 53.657417430246085], [-116.63047406635967, 53.6574158312699], [-116.63055020723687, 53.6574149956821], [-116.63106025919062, 53.657409401922706], [-116.63269421437495, 53.65742854312138], [-116.63437440088293, 53.65740571827978], [-116.63586453806734, 53.6574067500712]]}, "properties": {"OBJECTID": 4599547, "FEATURE_TYPE": 4, "NAME": "", "HWY_NUMBER": " ", "ROAD_CLASS": "OTHER", "GEO_SOURCE": "20KADD", "GEO_DATE": 484444800000, "UPDATE_DATE": null}}, {"type": "Feature", "id": 4599549, "geometry": {"type": "LineString", "coordinates": [[-116.64641853178063, 53.652759548524315], [-116.64668497793656, 53.65315871523856], [-116.64669708051815, 53.653176845304344], [-116.64690592533668, 53.65358425109198], [-116.64688749265171, 53.65468203293257], [-116.64690569441348, 53.65665229694312], [-116.64691257244948, 53.657397522893795]]}, "properties": {"OBJECTID": 4599549, "FEATURE_TYPE": 4, "NAME": "", "HWY_NUMBER": " ", "ROAD_CLASS": "OTHER", "GEO_SOURCE": "20KADD", "GEO_DATE": 484444800000, "UPDATE_DATE": 1661212800000}}, {"type": "Feature", "id": 4599550, "geometry": {"type": "LineString", "coordinates": [[-116.63586453806734, 53.6574067500712], [-116.63687845458972, 53.65740879527988], [-116.64208688668954, 53.65741915535599], [-116.64417602936916, 53.65739450366031], [-116.64691257244948, 53.657397522893795]]}, "properties": {"OBJECTID": 4599550, "FEATURE_TYPE": 4, "NAME": "", "HWY_NUMBER": " ", "ROAD_CLASS": "OTHER", "GEO_SOURCE": "20KADD", "GEO_DATE": 484444800000, "UPDATE_DATE": null}}, {"type": "Feature", "id": 4599551, "geometry": {"type": "LineString", "coordinates": [[-116.64691257244948, 53.657397522893795], [-116.65002623058848, 53.657404961679454]]}, "properties": {"OBJECTID": 4599551, "FEATURE_TYPE": 4, "NAME": "", "HWY_NUMBER": " ", "ROAD_CLASS": "OTHER", "GEO_SOURCE": "20KADD", "GEO_DATE": 484444800000, "UPDATE_DATE": null}}, {"type": "Feature", "id": 4599552, "geometry": {"type": "LineString", "coordinates": [[-116.58125403826948, 53.656850666550405], [-116.581389991783, 53.65692791247263], [-116.58211558599696, 53.65747161942853], [-116.5827469142441, 53.65798495147829], [-116.58301913060427, 53.65814733973088], [-116.5832484887396, 53.658231253347395], [-116.58382063069475, 53.658351840096074]]}, "properties": {"OBJECTID": 4599552, "FEATURE_TYPE": 4, "NAME": "Grande Prairie Trail Road", "HWY_NUMBER": " ", "ROAD_CLASS": "OTHER", "GEO_SOURCE": "SPTADD", "GEO_DATE": 1378944000000, "UPDATE_DATE": 1719705600000}}, {"type": "Feature", "id": 4599553, "geometry": {"type": "LineString", "coordinates": [[-116.65002623058848, 53.657404961679454], [-116.65104611113111, 53.65740694945029], [-116.65233810253925, 53.65740945560531], [-116.65356988547903, 53.65741029376151], [-116.65436058201459, 53.65739936953827], [-116.65608349628742, 53.6574112397465], [-116.65758574933157, 53.657414242743656], [-116.65930843057045, 53.657420120790235], [-116.66060601867332, 53.657419510364925], [-116.66067085894088, 53.65741947965752]]}, "properties": {"OBJECTID": 4599553, "FEATURE_TYPE": 4, "NAME": "", "HWY_NUMBER": " ", "ROAD_CLASS": "OTHER", "GEO_SOURCE": "20KADD", "GEO_DATE": 484444800000, "UPDATE_DATE": null}}, {"type": "Feature", "id": 4599554, "geometry": {"type": "LineString", "coordinates": [[-116.65897688496806, 53.65419384140823], [-116.65902516964881, 53.65425746253183], [-116.65946050888243, 53.654633538739816], [-116.65962959543747, 53.65484429563444], [-116.65984337078841, 53.65495669684481], [-116.66028659674414, 53.6552868532027], [-116.66068748661152, 53.655637935979556], [-116.66122262884726, 53.6560346662643], [-116.6616821554441, 53.65639570316531], [-116.66217743299562, 53.65674274591494], [-116.66227883010845, 53.6568137949754], [-116.6629248218258, 53.657197431303935], [-116.66294423181489, 53.657218149013204], [-116.66302935634292, 53.657309002493434], [-116.66304511447836, 53.65745876697223]]}, "properties": {"OBJECTID": 4599554, "FEATURE_TYPE": 4, "NAME": "", "HWY_NUMBER": " ", "ROAD_CLASS": "OTHER", "GEO_SOURCE": "SPTADD", "GEO_DATE": 1413849600000, "UPDATE_DATE": 1661212800000}}, {"type": "Feature", "id": 4599559, "geometry": {"type": "LineString", "coordinates": [[-116.52651038675117, 53.657372711073386], [-116.52648025074626, 53.66006147969957]]}, "properties": {"OBJECTID": 4599559, "FEATURE_TYPE": 14, "NAME": "", "HWY_NUMBER": " ", "ROAD_CLASS": "OTHER", "GEO_SOURCE": "IRSADD", "GEO_DATE": 969667200000, "UPDATE_DATE": null}}, {"type": "Feature", "id": 4599561, "geometry": {"type": "LineString", "coordinates": [[-116.62797209025449, 53.65831071772953], [-116.6280634980191, 53.65800167740489], [-116.62801612810642, 53.65781196713484], [-116.62774562836421, 53.65750451972403], [-116.627690310786, 53.65743476407048]]}, "properties": {"OBJECTID": 4599561, "FEATURE_TYPE": 4, "NAME": "", "HWY_NUMBER": " ", "ROAD_CLASS": "OTHER", "GEO_SOURCE": "SPTADD", "GEO_DATE": 1378944000000, "UPDATE_DATE": 1661817600000}}, {"type": "Feature", "id": 4599562, "geometry": {"type": "LineString", "coordinates": [[-116.55665297747193, 53.6574290111965], [-116.55665610093817, 53.65734730138731], [-116.55666757212957, 53.65704780522024], [-116.55666027549853, 53.65660292101896], [-116.55663773959978, 53.65522813988003], [-116.5565850808381, 53.65374027526503], [-116.55657971241443, 53.65226068141562], [-116.55657559017331, 53.65112645632434], [-116.55661585229494, 53.64860349165694]]}, "properties": {"OBJECTID": 4599562, "FEATURE_TYPE": 4, "NAME": "", "HWY_NUMBER": " ", "ROAD_CLASS": "OTHER", "GEO_SOURCE": "SPTADD", "GEO_DATE": 1413849600000, "UPDATE_DATE": 1661817600000}}, {"type": "Feature", "id": 4599566, "geometry": {"type": "LineString", "coordinates": [[-116.6500598495017, 53.659663555830896], [-116.65002623058848, 53.657404961679454]]}, "properties": {"OBJECTID": 4599566, "FEATURE_TYPE": 4, "NAME": "", "HWY_NUMBER": " ", "ROAD_CLASS": "OTHER", "GEO_SOURCE": "20KADD", "GEO_DATE": 484444800000, "UPDATE_DATE": 1661817600000}}, {"type": "Feature", "id": 4599570, "geometry": {"type": "LineString", "coordinates": [[-116.60817385358337, 53.65750928841995], [-116.60817199058827, 53.65780779840808], [-116.60820672582146, 53.65790945006635], [-116.60826249982665, 53.657984630323725], [-116.60835463537028, 53.658088127803346], [-116.60859530668299, 53.65827079206589], [-116.61085305477226, 53.65973103731487], [-116.6109470621289, 53.659796088289646], [-116.61098370051631, 53.65985401165721], [-116.61101587524703, 53.65992367529801], [-116.61101452021, 53.66001715956117]]}, "properties": {"OBJECTID": 4599570, "FEATURE_TYPE": 4, "NAME": "", "HWY_NUMBER": " ", "ROAD_CLASS": "OTHER", "GEO_SOURCE": "SPTADD", "GEO_DATE": 1120176000000, "UPDATE_DATE": 1661817600000}}, {"type": "Feature", "id": 4599593, "geometry": {"type": "LineString", "coordinates": [[-116.59426355688898, 53.66371993580214], [-116.5943993370335, 53.66362723932912], [-116.59444895614669, 53.66360882443564], [-116.594504153968, 53.663588338764775], [-116.59634028555193, 53.66282783922252], [-116.59656079573074, 53.66274135509012]]}, "properties": {"OBJECTID": 4599593, "FEATURE_TYPE": 4, "NAME": "", "HWY_NUMBER": " ", "ROAD_CLASS": "OTHER", "GEO_SOURCE": "20KADD", "GEO_DATE": 484444800000, "UPDATE_DATE": 1661817600000}}, {"type": "Feature", "id": 4599594, "geometry": {"type": "LineString", "coordinates": [[-116.58382063069475, 53.658351840096074], [-116.58434677856133, 53.658408943833265], [-116.58511186950093, 53.6585313756053], [-116.58724488977846, 53.659058981734844], [-116.5886184182703, 53.6595152659312], [-116.58921201901718, 53.65979131736229], [-116.58939826366955, 53.659907214238515], [-116.58980554084894, 53.66025617436198], [-116.58981661908193, 53.660265666008335], [-116.5898563904968, 53.6602952412192], [-116.59018841488528, 53.66054214973557], [-116.5904999856109, 53.66068819045838], [-116.59096232917182, 53.66095079043887], [-116.59137378789976, 53.661143607136694], [-116.5916594384175, 53.66134372383355], [-116.59191364604791, 53.661560206239336], [-116.59214558881408, 53.66179710347685], [-116.5928012508331, 53.66242813672061], [-116.59367029245651, 53.66307376202259], [-116.59373476878888, 53.66311816131161], [-116.59399615030658, 53.66341562617603], [-116.59426355688898, 53.66371993580214]]}, "properties": {"OBJECTID": 4599594, "FEATURE_TYPE": 4, "NAME": "Grande Prairie Trail Road", "HWY_NUMBER": " ", "ROAD_CLASS": "OTHER", "GEO_SOURCE": "SPTADD", "GEO_DATE": 1378944000000, "UPDATE_DATE": 1719705600000}}, {"type": "Feature", "id": 4599601, "geometry": {"type": "LineString", "coordinates": [[-116.59496178976114, 53.664250068461854], [-116.59437612188002, 53.663805402393216], [-116.59426355688898, 53.66371993580214]]}, "properties": {"OBJECTID": 4599601, "FEATURE_TYPE": 4, "NAME": "Grande Prairie Trail Road", "HWY_NUMBER": " ", "ROAD_CLASS": "OTHER", "GEO_SOURCE": "SPTADD", "GEO_DATE": 1378944000000, "UPDATE_DATE": 1719705600000}}, {"type": "Feature", "id": 4599603, "geometry": {"type": "LineString", "coordinates": [[-116.57665236004524, 53.66503513737458], [-116.57607727867769, 53.664833036512974], [-116.57561667058316, 53.66464640173783]]}, "properties": {"OBJECTID": 4599603, "FEATURE_TYPE": 4, "NAME": "", "HWY_NUMBER": " ", "ROAD_CLASS": "OTHER", "GEO_SOURCE": "SPTADD", "GEO_DATE": 1378944000000, "UPDATE_DATE": 1661817600000}}, {"type": "Feature", "id": 4599609, "geometry": {"type": "LineString", "coordinates": [[-116.66316649244627, 53.664660365893305], [-116.66305661818186, 53.66465223264813], [-116.66305007888933, 53.664651748821996], [-116.66294503093869, 53.66464397290989], [-116.66238385447818, 53.66460243077226], [-116.66206446531092, 53.66457878673064], [-116.66156025493561, 53.66425016568199], [-116.65961012570553, 53.66423809515164]]}, "properties": {"OBJECTID": 4599609, "FEATURE_TYPE": 14, "NAME": "", "HWY_NUMBER": " ", "ROAD_CLASS": "OTHER", "GEO_SOURCE": "SPTADD", "GEO_DATE": 1271721600000, "UPDATE_DATE": null}}, {"type": "Feature", "id": 4599613, "geometry": {"type": "LineString", "coordinates": [[-116.53026083272576, 53.66849404969194], [-116.5310408172684, 53.66827185250887], [-116.53197527486239, 53.66796333232479], [-116.53262617844528, 53.66774677447715], [-116.5328688407124, 53.66769949816304], [-116.53337517487019, 53.66759836551549], [-116.53371295921002, 53.66753725029859], [-116.53403576838926, 53.66735643613281], [-116.53463194810189, 53.66709639846074], [-116.53547772285602, 53.666688027541305], [-116.53699970916142, 53.66617632336443], [-116.53742937983473, 53.666013058240324], [-116.53894947914944, 53.66545087374524], [-116.54027052675464, 53.66496694971514], [-116.54110026027611, 53.664703874472046], [-116.54170881912955, 53.66449412107538], [-116.54206527154324, 53.66436333106099]]}, "properties": {"OBJECTID": 4599613, "FEATURE_TYPE": 14, "NAME": "", "HWY_NUMBER": " ", "ROAD_CLASS": "OTHER", "GEO_SOURCE": "20KADD", "GEO_DATE": 484444800000, "UPDATE_DATE": 1453248000000}}, {"type": "Feature", "id": 4599614, "geometry": {"type": "LineString", "coordinates": [[-116.51940979660789, 53.6573542287733], [-116.5203430167162, 53.65829327472728], [-116.52086580538725, 53.65883641367251], [-116.5210347199902, 53.65901189963477], [-116.52210173367523, 53.66012039000574], [-116.52558254268963, 53.66366669318495], [-116.52676080034146, 53.66484893148968], [-116.52800976325452, 53.66615740314456], [-116.52870502112903, 53.666856614898016], [-116.53026083272576, 53.66849404969194]]}, "properties": {"OBJECTID": 4599614, "FEATURE_TYPE": 4, "NAME": "", "HWY_NUMBER": " ", "ROAD_CLASS": "OTHER", "GEO_SOURCE": "20KADD", "GEO_DATE": 484444800000, "UPDATE_DATE": 1661817600000}}, {"type": "Feature", "id": 4599628, "geometry": {"type": "LineString", "coordinates": [[-116.57665236004524, 53.66503513737458], [-116.57663447902382, 53.66505863062499], [-116.57663021948059, 53.665064226425216], [-116.57659020494663, 53.66511679693086], [-116.57657041936127, 53.665154659137876], [-116.57623614084125, 53.66579433181929], [-116.57600572979237, 53.666103653228916], [-116.57563602510727, 53.6664885259086], [-116.57499279214014, 53.667043597083826], [-116.57492141889368, 53.6671572743415], [-116.5745243082503, 53.66820169992665], [-116.57444923535111, 53.66849468529104], [-116.57444892729202, 53.66849588631365], [-116.57443016717988, 53.66856910061234], [-116.57442328229067, 53.66863040936629], [-116.5744299225748, 53.66869364193929], [-116.57445410857184, 53.668736254803946], [-116.57448929675421, 53.66877067422718]]}, "properties": {"OBJECTID": 4599628, "FEATURE_TYPE": 4, "NAME": "", "HWY_NUMBER": " ", "ROAD_CLASS": "OTHER", "GEO_SOURCE": "SPTADD", "GEO_DATE": 1378944000000, "UPDATE_DATE": 1661817600000}}, {"type": "Feature", "id": 4599652, "geometry": {"type": "LineString", "coordinates": [[-116.53163173443335, 53.66986217940338], [-116.53255588742488, 53.6708033950091], [-116.53295757297099, 53.67121248535589], [-116.53304957972827, 53.67130618231038], [-116.53339362440634, 53.67165655668545], [-116.53566245102908, 53.673891318121385]]}, "properties": {"OBJECTID": 4599652, "FEATURE_TYPE": 4, "NAME": "", "HWY_NUMBER": " ", "ROAD_CLASS": "OTHER", "GEO_SOURCE": "20KADD", "GEO_DATE": 484444800000, "UPDATE_DATE": 1663027200000}}, {"type": "Feature", "id": 4599664, "geometry": {"type": "LineString", "coordinates": [[-116.59496178976114, 53.664250068461854], [-116.59519832524153, 53.664413476673694], [-116.59522056462833, 53.66442707553294], [-116.59546489378708, 53.664576484209064], [-116.59599781382391, 53.6648965506102], [-116.59650937175243, 53.66518120967722], [-116.59705321838493, 53.66552492047646], [-116.59787524589295, 53.66607311579516], [-116.5984620852155, 53.66649357781882], [-116.59888425316797, 53.66679726519802], [-116.59935603229297, 53.6670883914909], [-116.59975300787356, 53.66725559555873], [-116.60008789107933, 53.6673700915691], [-116.60051107596338, 53.66743581771395], [-116.60071911316278, 53.667460986982704], [-116.60095383397105, 53.66748938373082], [-116.60135790056998, 53.66757915727433], [-116.60167096373044, 53.667646352143116], [-116.60195579746275, 53.66776151249109], [-116.60249543294847, 53.66799223223521], [-116.60305555029541, 53.66823457406855], [-116.60334219777603, 53.668397294562446], [-116.60350689939261, 53.66851405992056], [-116.6035812711378, 53.66862608688398], [-116.60366016088922, 53.6688570234155], [-116.60373099507176, 53.66940334117311], [-116.60376637525881, 53.66957609253284], [-116.6038847118969, 53.669758194287574], [-116.60410625688063, 53.6700526538953], [-116.60456983525188, 53.670653194251365], [-116.60501384488211, 53.67129173093739]]}, "properties": {"OBJECTID": 4599664, "FEATURE_TYPE": 4, "NAME": "Grande Prairie Trail Road", "HWY_NUMBER": " ", "ROAD_CLASS": "OTHER", "GEO_SOURCE": "SPTADD", "GEO_DATE": 1378944000000, "UPDATE_DATE": 1719705600000}}, {"type": "Feature", "id": 4599682, "geometry": {"type": "LineString", "coordinates": [[-116.53566245102908, 53.673891318121385], [-116.53699074906672, 53.67529582827125], [-116.53716364541128, 53.67547863650784], [-116.53749408465404, 53.67582803451626], [-116.53771158163657, 53.67605800217158], [-116.53776900646537, 53.676084865941526], [-116.53783300681688, 53.67610966588442], [-116.5379298330058, 53.67612418880376], [-116.53805362725788, 53.67612982733042], [-116.5383381562808, 53.676112860044206]]}, "properties": {"OBJECTID": 4599682, "FEATURE_TYPE": 14, "NAME": "", "HWY_NUMBER": " ", "ROAD_CLASS": "OTHER", "GEO_SOURCE": "SPTADD", "GEO_DATE": 1120176000000, "UPDATE_DATE": null}}, {"type": "Feature", "id": 4599687, "geometry": {"type": "LineString", "coordinates": [[-116.57381927246854, 53.67663212329725], [-116.57372183444791, 53.676437102627865], [-116.5735436227026, 53.67622529852471], [-116.57334582744129, 53.67602564743701], [-116.57317896295672, 53.67584938427406], [-116.57307869464964, 53.67576232182915], [-116.57285188244335, 53.67567522639004], [-116.57256552246847, 53.67551837678343], [-116.57237819219635, 53.675330484441474]]}, "properties": {"OBJECTID": 4599687, "FEATURE_TYPE": 4, "NAME": "", "HWY_NUMBER": " ", "ROAD_CLASS": "OTHER", "GEO_SOURCE": "SPTADD", "GEO_DATE": 1120176000000, "UPDATE_DATE": 1663027200000}}, {"type": "Feature", "id": 4599689, "geometry": {"type": "LineString", "coordinates": [[-116.60501384488211, 53.67129173093739], [-116.60531619187813, 53.67157711214378], [-116.60568771786483, 53.67186360902885], [-116.60612113582566, 53.672196863164494], [-116.60672567885075, 53.67255161340992], [-116.6071959921682, 53.67280108926355], [-116.60768588496306, 53.673038403482856], [-116.60866670493938, 53.67353977903728], [-116.60954458482269, 53.673968174003], [-116.61040200304802, 53.67438494088534], [-116.61158757752351, 53.67499953586343], [-116.61234354128338, 53.67538196369193], [-116.61320147014067, 53.67581060082927], [-116.61374737779033, 53.67606942519558], [-116.6143238603024, 53.676342740909554], [-116.61501774334482, 53.676672451489374], [-116.61570453927898, 53.6770453637918]]}, "properties": {"OBJECTID": 4599689, "FEATURE_TYPE": 4, "NAME": "Grande Prairie Trail Road", "HWY_NUMBER": " ", "ROAD_CLASS": "OTHER", "GEO_SOURCE": "SPTADD", "GEO_DATE": 1378944000000, "UPDATE_DATE": 1719705600000}}, {"type": "Feature", "id": 4599708, "geometry": {"type": "LineString", "coordinates": [[-116.53566245102908, 53.673891318121385], [-116.53557319343317, 53.67391407920795], [-116.53557169433567, 53.673914461748524], [-116.53548008363148, 53.673937821297194], [-116.5350159930771, 53.67405615672779], [-116.53384147594925, 53.67429431147328], [-116.53230359338899, 53.6745916276006], [-116.53196102455597, 53.67468481459048], [-116.53167594065252, 53.67481611218565], [-116.53120224490057, 53.675160743828116], [-116.53040622750828, 53.67560622086176], [-116.53018795577005, 53.675746735714284], [-116.53007965096144, 53.675839936895365], [-116.53002471605534, 53.675983465911244], [-116.53002074905541, 53.67611104034929], [-116.53005722793684, 53.6764064290752], [-116.53023168595982, 53.677664134691675], [-116.53035118621773, 53.67811659176016], [-116.53042789128237, 53.67835389330781], [-116.53060661229044, 53.67852650402813], [-116.53086074748093, 53.67890072572656], [-116.53102531204148, 53.679174073337734], [-116.53105440489534, 53.679265518545], [-116.5310541194774, 53.67927097102588], [-116.53104933125172, 53.679362501392944], [-116.53098321715913, 53.67943475973943], [-116.53091673451631, 53.679496821151005], [-116.53074793763172, 53.67958059457101], [-116.53039353482966, 53.67975855621128], [-116.53021799668436, 53.6798934248525], [-116.53004448893796, 53.68008437701578], [-116.5299482200698, 53.68029651963265], [-116.52972387799674, 53.680603182884845], [-116.52956293122718, 53.6807842569562], [-116.52944713303395, 53.68090815883081], [-116.52925879436994, 53.68104660950203], [-116.52898305332452, 53.6811994152806], [-116.52790670576057, 53.68178988369613]]}, "properties": {"OBJECTID": 4599708, "FEATURE_TYPE": 4, "NAME": "", "HWY_NUMBER": " ", "ROAD_CLASS": "OTHER", "GEO_SOURCE": "SPTADD", "GEO_DATE": 1120176000000, "UPDATE_DATE": 1663027200000}}, {"type": "Feature", "id": 4599740, "geometry": {"type": "LineString", "coordinates": [[-116.51048763164549, 53.686473064376024], [-116.51116660426275, 53.68597522443798], [-116.51121470255019, 53.68594810816345], [-116.51204079815264, 53.68548236556252], [-116.51407850678632, 53.684183649909556], [-116.51553798488747, 53.68324912562286]]}, "properties": {"OBJECTID": 4599740, "FEATURE_TYPE": 4, "NAME": "", "HWY_NUMBER": " ", "ROAD_CLASS": "OTHER", "GEO_SOURCE": "OPHADD", "GEO_DATE": 1000425600000, "UPDATE_DATE": 1663027200000}}, {"type": "Feature", "id": 4599741, "geometry": {"type": "LineString", "coordinates": [[-116.5141817382046, 53.686502243477086], [-116.51408965282087, 53.68649711359243], [-116.5139206712461, 53.686487698481905], [-116.51327898260436, 53.686477963114136], [-116.51145429502746, 53.68645341837965], [-116.51085344780219, 53.68646563056105], [-116.51060396493291, 53.686493889576916], [-116.5103848672424, 53.68654893246772]]}, "properties": {"OBJECTID": 4599741, "FEATURE_TYPE": 4, "NAME": "", "HWY_NUMBER": " ", "ROAD_CLASS": "OTHER", "GEO_SOURCE": "SPTADD", "GEO_DATE": 1120176000000, "UPDATE_DATE": 1663027200000}}, {"type": "Feature", "id": 4599743, "geometry": {"type": "LineString", "coordinates": [[-116.55655233769738, 53.686563367630775], [-116.55819684499966, 53.68561731800307], [-116.5582906471564, 53.6855633536249]]}, "properties": {"OBJECTID": 4599743, "FEATURE_TYPE": 4, "NAME": "", "HWY_NUMBER": " ", "ROAD_CLASS": "OTHER", "GEO_SOURCE": "20KADD", "GEO_DATE": 484444800000, "UPDATE_DATE": 1663632000000}}, {"type": "Feature", "id": 4599746, "geometry": {"type": "LineString", "coordinates": [[-116.63046137867117, 53.68665299127102], [-116.6298515186046, 53.68654827169736], [-116.62945850390012, 53.68645601099184], [-116.6290635101409, 53.68631240300429], [-116.6287552138933, 53.6861727514334], [-116.628393041016, 53.68598245878051], [-116.62820544970366, 53.68583088982943], [-116.62799052623171, 53.68564373156814], [-116.6273676541685, 53.68480582375965], [-116.62721891988909, 53.68464492011735], [-116.62677226160969, 53.68421568709235], [-116.62650389292428, 53.6840009267532], [-116.6261275185992, 53.68375721614999], [-116.62495141594336, 53.682979945488576], [-116.61999561927273, 53.67975549479714], [-116.61733834071761, 53.678089140637866], [-116.61675437700457, 53.677693701986875], [-116.61570453927898, 53.6770453637918]]}, "properties": {"OBJECTID": 4599746, "FEATURE_TYPE": 4, "NAME": "Grande Prairie Trail Road", "HWY_NUMBER": " ", "ROAD_CLASS": "OTHER", "GEO_SOURCE": "SPTADD", "GEO_DATE": 1378944000000, "UPDATE_DATE": 1719705600000}}, {"type": "Feature", "id": 4599748, "geometry": {"type": "LineString", "coordinates": [[-116.6327371696726, 53.68667710931645], [-116.63294609897552, 53.6866756463972], [-116.63541403116272, 53.68667388676173], [-116.6375828643184, 53.686667570200704], [-116.6420417676831, 53.68673755070912], [-116.64334580127351, 53.686712834418046], [-116.64346119411084, 53.68671063392778]]}, "properties": {"OBJECTID": 4599748, "FEATURE_TYPE": 4, "NAME": "Grande Prairie Trail Road", "HWY_NUMBER": " ", "ROAD_CLASS": "OTHER", "GEO_SOURCE": "SPTADD", "GEO_DATE": 1378944000000, "UPDATE_DATE": 1719705600000}}, {"type": "Feature", "id": 4599750, "geometry": {"type": "LineString", "coordinates": [[-116.51420241072859, 53.68651982675799], [-116.51420689113806, 53.68664468811935], [-116.51409096097497, 53.686765123056986], [-116.5140672999016, 53.68678813292838], [-116.51393602986386, 53.686915793211405], [-116.51377960606902, 53.687024842092185], [-116.51325172074888, 53.6873943698416], [-116.51176455530569, 53.68840059532577], [-116.51165820336962, 53.68850901016646], [-116.51166203750908, 53.688616033253226], [-116.51166544568952, 53.68871116588289], [-116.511769449511, 53.688816925444755], [-116.51260512215357, 53.68948449727021]]}, "properties": {"OBJECTID": 4599750, "FEATURE_TYPE": 4, "NAME": "", "HWY_NUMBER": " ", "ROAD_CLASS": "OTHER", "GEO_SOURCE": "SPTADD", "GEO_DATE": 1120176000000, "UPDATE_DATE": 1663632000000}}, {"type": "Feature", "id": 4599751, "geometry": {"type": "LineString", "coordinates": [[-116.50128557230204, 53.68873327076295], [-116.50162764875982, 53.68877752223427], [-116.50211100331047, 53.688842841913925], [-116.50242801704636, 53.68892821256585], [-116.50273465718325, 53.68902060921003], [-116.50319872157431, 53.689219411771695], [-116.50352452260154, 53.68936284346659], [-116.50368649238045, 53.689408397714104], [-116.50383993819555, 53.68943978253853], [-116.50399273739245, 53.689457865784746], [-116.50487642188178, 53.68950290330847], [-116.50507642559391, 53.68949087189423], [-116.50531564872227, 53.68945455465527], [-116.50553833536631, 53.68940416767516], [-116.5058377635929, 53.68925764072147], [-116.50696401176157, 53.68869145803174], [-116.5077048777662, 53.688334744311796], [-116.50780921190541, 53.688286482364724], [-116.50817019294631, 53.68811949978343], [-116.50847727667002, 53.687963351584585], [-116.50879868205645, 53.687759435237105], [-116.50904233363477, 53.68762311999436], [-116.50918232204928, 53.68750238688416], [-116.50919853900197, 53.6874889674296], [-116.50957942940818, 53.687173786224605], [-116.51026569997198, 53.68663691125222], [-116.5103848672424, 53.68654893246772]]}, "properties": {"OBJECTID": 4599751, "FEATURE_TYPE": 4, "NAME": "", "HWY_NUMBER": " ", "ROAD_CLASS": "OTHER", "GEO_SOURCE": "SPTADD", "GEO_DATE": 494726400000, "UPDATE_DATE": 1587427200000}}, {"type": "Feature", "id": 4599754, "geometry": {"type": "LineString", "coordinates": [[-116.55071160750443, 53.68992326014656], [-116.55112631886658, 53.68968472267085], [-116.5524234276803, 53.688938620110385], [-116.5537294542065, 53.68818733608894], [-116.55633345076312, 53.6866892966226], [-116.55644423025204, 53.68662556255157], [-116.55653913153829, 53.686570964780366], [-116.55655233769738, 53.686563367630775]]}, "properties": {"OBJECTID": 4599754, "FEATURE_TYPE": 4, "NAME": "", "HWY_NUMBER": " ", "ROAD_CLASS": "OTHER", "GEO_SOURCE": "20KADD", "GEO_DATE": 484444800000, "UPDATE_DATE": 1663632000000}}, {"type": "Feature", "id": 4599755, "geometry": {"type": "LineString", "coordinates": [[-116.55025946673148, 53.69018332329916], [-116.54980940238677, 53.690442400978796]]}, "properties": {"OBJECTID": 4599755, "FEATURE_TYPE": 4, "NAME": "", "HWY_NUMBER": " ", "ROAD_CLASS": "OTHER", "GEO_SOURCE": "SPTADD", "GEO_DATE": 1120176000000, "UPDATE_DATE": 1663632000000}}, {"type": "Feature", "id": 4599760, "geometry": {"type": "LineString", "coordinates": [[-116.55655233769738, 53.686563367630775], [-116.55663626030581, 53.68750309594759], [-116.55662771934523, 53.6888534320284], [-116.5566164159287, 53.69063955278611]]}, "properties": {"OBJECTID": 4599760, "FEATURE_TYPE": 4, "NAME": "", "HWY_NUMBER": " ", "ROAD_CLASS": "OTHER", "GEO_SOURCE": "SPTADD", "GEO_DATE": 1120176000000, "UPDATE_DATE": 1663632000000}}, {"type": "Feature", "id": 4599761, "geometry": {"type": "LineString", "coordinates": [[-116.52297878277588, 53.69201793715346], [-116.52283696383671, 53.69169852392017], [-116.5226872762957, 53.6914386942789], [-116.52263325778343, 53.69105273191899], [-116.5225109840506, 53.69044159458145], [-116.52248509110264, 53.69000173784624], [-116.5224647752733, 53.68971646969162], [-116.52239930868204, 53.68956859122579], [-116.52226286690428, 53.68939781960157], [-116.5219844714708, 53.68918126493502], [-116.5217054356152, 53.688946872197384], [-116.52151762627274, 53.68874106217003], [-116.52135901213693, 53.688511087483704], [-116.5211865240692, 53.68817421628797], [-116.52105114245171, 53.687756879644205], [-116.52101741214695, 53.68765290011577], [-116.520855376189, 53.68732779243369], [-116.52074856785924, 53.68714474602474], [-116.52063324475145, 53.687003447608326], [-116.52049831677601, 53.6868742947442], [-116.52039365342493, 53.68675070543309], [-116.52021887622014, 53.68662800698376], [-116.52009019626934, 53.6865900544061]]}, "properties": {"OBJECTID": 4599761, "FEATURE_TYPE": 4, "NAME": "", "HWY_NUMBER": " ", "ROAD_CLASS": "OTHER", "GEO_SOURCE": "SPTADD", "GEO_DATE": 1120176000000, "UPDATE_DATE": 1663632000000}}, {"type": "Feature", "id": 4599788, "geometry": {"type": "LineString", "coordinates": [[-116.5885472570211, 53.69889435870299], [-116.58833861752473, 53.698788990296386], [-116.58825533115116, 53.69870681597661], [-116.58816600061357, 53.698464111241755], [-116.58812122459453, 53.69833978678087], [-116.58802635466226, 53.69821612560346], [-116.5878609048655, 53.69808150414505], [-116.58764581134298, 53.69795943647902], [-116.58734032573736, 53.69783261848097], [-116.58691282820325, 53.6976598281298], [-116.58629408423262, 53.697465775710675], [-116.5857071916449, 53.69731888578296], [-116.58512141875788, 53.697201721626236], [-116.58491814246715, 53.69712708097236], [-116.58468324732603, 53.69701121895166], [-116.58429316417235, 53.696766542374505], [-116.58379042640603, 53.69645792035959], [-116.58351412439414, 53.696306913111], [-116.58334135701823, 53.69624376327332], [-116.58316013472927, 53.69622236522904], [-116.58300184811068, 53.69627799365557]]}, "properties": {"OBJECTID": 4599788, "FEATURE_TYPE": 4, "NAME": "", "HWY_NUMBER": " ", "ROAD_CLASS": "OTHER", "GEO_SOURCE": "SPTADD", "GEO_DATE": 1271721600000, "UPDATE_DATE": 1663632000000}}, {"type": "Feature", "id": 4599789, "geometry": {"type": "LineString", "coordinates": [[-116.60871704285056, 53.698785954039444], [-116.60680650670983, 53.69737726134064], [-116.60606996333864, 53.69680308206221], [-116.60607108102408, 53.69655316703781], [-116.60607402070283, 53.69589619952921], [-116.60608280293785, 53.693933505031445], [-116.6060877873441, 53.69281947404398], [-116.60611443992951, 53.69093766781145]]}, "properties": {"OBJECTID": 4599789, "FEATURE_TYPE": 4, "NAME": "", "HWY_NUMBER": " ", "ROAD_CLASS": "OTHER", "GEO_SOURCE": "SPTADD", "GEO_DATE": 1271721600000, "UPDATE_DATE": 1453248000000}}, {"type": "Feature", "id": 4599790, "geometry": {"type": "LineString", "coordinates": [[-116.64806420008713, 53.68674742679108], [-116.64854025129677, 53.686846809430776], [-116.64884705462698, 53.68692878797694], [-116.64945830696797, 53.68711846484209], [-116.65054985590963, 53.687422477800894], [-116.65170397263786, 53.68774390901295], [-116.65235305713345, 53.68797634851034], [-116.65290636126748, 53.68821310306555], [-116.65355483962213, 53.688391560692345], [-116.65435227291395, 53.68858463760679], [-116.65468081448232, 53.68875797941858], [-116.65509427328205, 53.689040695385486], [-116.65540694925514, 53.689279142442054], [-116.6556995384652, 53.689584423465405], [-116.65592783358707, 53.689783519139496], [-116.65619619789891, 53.68998205935111], [-116.65662348057899, 53.69011316655653], [-116.65728186827373, 53.69028106302786], [-116.65779192738647, 53.69039390757683], [-116.65820657298697, 53.69041257874516], [-116.65865696557736, 53.69040788841281], [-116.65923706924492, 53.690464521029256], [-116.65998164540079, 53.69063459808065], [-116.66063193554906, 53.69085219807444], [-116.66123320709735, 53.691149475406704], [-116.66178263968114, 53.691472461841194], [-116.66238635026524, 53.691800901209746], [-116.66303054641857, 53.69217435875962], [-116.66336227772423, 53.692323591482015], [-116.66457395333171, 53.69276176446478], [-116.6653134959874, 53.69293977100774], [-116.6661228662433, 53.69315177760291], [-116.66676170409787, 53.69333919090561], [-116.66780580083984, 53.69371417670004], [-116.66848698857251, 53.693975989188054], [-116.67012896446099, 53.69460704134287], [-116.67047200323957, 53.69478832553585], [-116.67087459818161, 53.69494290468099], [-116.67100630094984, 53.69496878933771], [-116.6719863781317, 53.69516136965178], [-116.67306406994301, 53.695411304348795], [-116.67335710831354, 53.69544571166605], [-116.67403539949204, 53.69540224035051], [-116.67421975394934, 53.69537600153224], [-116.67502894905009, 53.6953963695129], [-116.67544390372122, 53.69545890391186], [-116.6760221953186, 53.69559533552411], [-116.67642715905332, 53.69569674153131], [-116.67710823500852, 53.69575773641546], [-116.67745502210362, 53.69574774282171], [-116.67807007411939, 53.69576429026616], [-116.67837897047791, 53.69579357447409], [-116.67938696455212, 53.69600781469034], [-116.6794097252789, 53.69601265218562], [-116.68098828234191, 53.69634814855833], [-116.68132717319746, 53.69639728999831], [-116.68181340618636, 53.69642843196885], [-116.68327449776424, 53.69675952786388], [-116.6836117359473, 53.696850483476744], [-116.68395971142618, 53.69697152208464], [-116.68445332406587, 53.6972121282709], [-116.68466133819813, 53.69734599338957], [-116.68499264069085, 53.69766629596079], [-116.68534016335379, 53.69829501186969], [-116.6854860162862, 53.6984362703114], [-116.6858692957872, 53.69864044724307]]}, "properties": {"OBJECTID": 4599790, "FEATURE_TYPE": 4, "NAME": "Grande Prairie Trail Road", "HWY_NUMBER": " ", "ROAD_CLASS": "OTHER", "GEO_SOURCE": "SPTADD", "GEO_DATE": 1378944000000, "UPDATE_DATE": 1719705600000}}, {"type": "Feature", "id": 4599794, "geometry": {"type": "LineString", "coordinates": [[-116.51500120724607, 53.70181458816296], [-116.5151777788576, 53.70168198725476], [-116.5153016288956, 53.701501967106395], [-116.5154169543452, 53.70136369361961], [-116.51553591270587, 53.70132649836611], [-116.51565486930792, 53.70128930211598], [-116.51615479566952, 53.70125323280485], [-116.51694658019208, 53.70124915650357], [-116.51732840570969, 53.70127406242473], [-116.51772898583452, 53.70126303843559], [-116.5180677367865, 53.701205209875475], [-116.51837835187743, 53.7012012727093]]}, "properties": {"OBJECTID": 4599794, "FEATURE_TYPE": 4, "NAME": "", "HWY_NUMBER": " ", "ROAD_CLASS": "OTHER", "GEO_SOURCE": "20KADD", "GEO_DATE": 484444800000, "UPDATE_DATE": 1663632000000}}, {"type": "Feature", "id": 4599798, "geometry": {"type": "LineString", "coordinates": [[-116.5885472570211, 53.69889435870299], [-116.58876971566416, 53.69905690439984], [-116.58893270844572, 53.699126124141394], [-116.58916560931571, 53.69918846725435], [-116.58941272367707, 53.69924335495573], [-116.58946886963363, 53.69925582508378], [-116.58967171598866, 53.699318566962724], [-116.5900814450956, 53.6995510685962], [-116.59025423597872, 53.699614207608676], [-116.59041700915299, 53.6996774802957], [-116.59055884635862, 53.69971723620603], [-116.59076012682775, 53.699738357653096], [-116.5910304200201, 53.6997288185756], [-116.59134946299318, 53.69968294065282], [-116.59167740315003, 53.69960720107664], [-116.59185752360135, 53.699598858414156], [-116.59205902851583, 53.69962592266892], [-116.59236072367315, 53.69965165460983], [-116.59254084415798, 53.69964331091937], [-116.59276238770282, 53.699670107551135], [-116.59318543758947, 53.69972396612162], [-116.59346799608339, 53.69977374442604], [-116.59364079285542, 53.69983687850746], [-116.593843423391, 53.69989366736621], [-116.59406631731473, 53.6999561350733], [-116.59418583921793, 53.700037031742504], [-116.59438522951957, 53.700171985072615], [-116.59468365555725, 53.70037621014464], [-116.59528389115198, 53.70087383984454], [-116.5959196305728, 53.70135582142057]]}, "properties": {"OBJECTID": 4599798, "FEATURE_TYPE": 4, "NAME": "", "HWY_NUMBER": " ", "ROAD_CLASS": "OTHER", "GEO_SOURCE": "20KADD", "GEO_DATE": 484444800000, "UPDATE_DATE": 1663632000000}}, {"type": "Feature", "id": 4599799, "geometry": {"type": "LineString", "coordinates": [[-116.5959196305728, 53.70135582142057], [-116.59612504218912, 53.70135611310935], [-116.59614747619659, 53.701356145092454], [-116.5963159479298, 53.7013563837427], [-116.5969957578515, 53.70135734513171], [-116.60584194209964, 53.70134533130535], [-116.60598947453664, 53.701299058086775], [-116.60607395674641, 53.70119266286897], [-116.60601972211306, 53.70062314712475], [-116.60606045221289, 53.70046756667537], [-116.60621926684091, 53.70035120672502], [-116.60815976115157, 53.69937780841585], [-116.60850901707317, 53.69913126001778], [-116.60867238594112, 53.69898183833809], [-116.60872248395339, 53.69888653451853], [-116.60871704285056, 53.698785954039444]]}, "properties": {"OBJECTID": 4599799, "FEATURE_TYPE": 4, "NAME": "", "HWY_NUMBER": " ", "ROAD_CLASS": "OTHER", "GEO_SOURCE": "SPTADD", "GEO_DATE": 1271721600000, "UPDATE_DATE": 1453248000000}}, {"type": "Feature", "id": 4599821, "geometry": {"type": "LineString", "coordinates": [[-116.60180350102375, 53.7056172920858], [-116.60210643075588, 53.705958934630104], [-116.60211438010994, 53.705967898653185], [-116.60219910581124, 53.70606347709879], [-116.60222961182942, 53.706097891771954], [-116.60235815371772, 53.70620511179145], [-116.60276269023348, 53.706454433631414], [-116.60324207721206, 53.7066759953926], [-116.60379545740699, 53.70688060736399], [-116.60432355454026, 53.707027853589125], [-116.60527437339921, 53.70720903290905], [-116.60551670291973, 53.70728413666401], [-116.60565400645639, 53.70739563334399], [-116.60572720033738, 53.70751352989513], [-116.60576861447834, 53.7096031112577], [-116.60573048012675, 53.711948195620934], [-116.60571589349486, 53.712845066569244], [-116.6056717183095, 53.71356706666324], [-116.60570722628957, 53.713694172643855]]}, "properties": {"OBJECTID": 4599821, "FEATURE_TYPE": 4, "NAME": "", "HWY_NUMBER": " ", "ROAD_CLASS": "OTHER", "GEO_SOURCE": "20KADD", "GEO_DATE": 484444800000, "UPDATE_DATE": 1453248000000}}, {"type": "Feature", "id": 4599822, "geometry": {"type": "LineString", "coordinates": [[-116.60252244638903, 53.71346998964342], [-116.60293992306599, 53.71347024228014], [-116.60329986615689, 53.71347045954355], [-116.60348298840563, 53.71347237545524], [-116.60434298334114, 53.713481344045285], [-116.60491187935445, 53.71353926000944], [-116.6051721086987, 53.71356673976227], [-116.60542607206114, 53.71362731624114], [-116.60570722628957, 53.713694172643855]]}, "properties": {"OBJECTID": 4599822, "FEATURE_TYPE": 4, "NAME": "", "HWY_NUMBER": " ", "ROAD_CLASS": "OTHER", "GEO_SOURCE": "20KADD", "GEO_DATE": 484444800000, "UPDATE_DATE": 1664236800000}}, {"type": "Feature", "id": 4599823, "geometry": {"type": "LineString", "coordinates": [[-116.51922618442993, 53.71006457806307], [-116.51931476536846, 53.71049871172193], [-116.51950769082654, 53.71140042665063], [-116.5197073797868, 53.71193325316306], [-116.51987974260597, 53.71226417852608], [-116.52021675645506, 53.71271198396395], [-116.52055334860296, 53.713147896217016], [-116.52098845962018, 53.713534969006005], [-116.52158652061628, 53.71399135260954], [-116.52207921075264, 53.714306309025325], [-116.52283508530223, 53.71468929923203], [-116.52342501748242, 53.71491973619055], [-116.5238716218307, 53.71506871576051], [-116.52441932260307, 53.7152402006594], [-116.52526679958986, 53.71546462980163]]}, "properties": {"OBJECTID": 4599823, "FEATURE_TYPE": 8, "NAME": "", "HWY_NUMBER": "748", "ROAD_CLASS": "SECONDARY", "GEO_SOURCE": "SPTADD", "GEO_DATE": 1378944000000, "UPDATE_DATE": 1453248000000}}, {"type": "Feature", "id": 4606332, "geometry": {"type": "LineString", "coordinates": [[-116.53980027322893, 53.7159063001077], [-116.53970034329375, 53.71575263749353], [-116.53969546074194, 53.71564548761314], [-116.53979275679802, 53.715537304999124], [-116.53990847488815, 53.71541090056449], [-116.54001547032789, 53.715320298330965], [-116.54004163004339, 53.71521288967703], [-116.54000786781585, 53.71511220016293], [-116.53978891406152, 53.71488302533541], [-116.53909414405591, 53.7142554691846], [-116.53892878519085, 53.71412077894817], [-116.53887476414666, 53.71401440055768], [-116.53883054976156, 53.713901948254566], [-116.53882385987325, 53.71344400335395], [-116.53879811362573, 53.71218921050203], [-116.53876802802871, 53.71081550400365], [-116.53873386341722, 53.70905520069016], [-116.5387374549514, 53.708329442698826], [-116.53873684502528, 53.708037976364224], [-116.53872816596906, 53.707800149452254]]}, "properties": {"OBJECTID": 4606332, "FEATURE_TYPE": 4, "NAME": "", "HWY_NUMBER": " ", "ROAD_CLASS": "OTHER", "GEO_SOURCE": "SPTADD", "GEO_DATE": 1378944000000, "UPDATE_DATE": 1664236800000}}, {"type": "Feature", "id": 4606333, "geometry": {"type": "LineString", "coordinates": [[-116.52526679958986, 53.71546462980163], [-116.52554358551075, 53.71551864464133], [-116.5260232290379, 53.71559404907935], [-116.52666211593548, 53.71566995384107], [-116.52758367143895, 53.71572556655887], [-116.52862093575193, 53.71574321698621], [-116.52970556181802, 53.71579270096188], [-116.53052718196184, 53.71581817919375], [-116.53176247834296, 53.71585646849182], [-116.5326125749478, 53.715867758810404], [-116.53654522038079, 53.71591942895885], [-116.5370213623169, 53.71592023640265], [-116.53825854396386, 53.715922338807005], [-116.53963483355675, 53.71590802269466]]}, "properties": {"OBJECTID": 4606333, "FEATURE_TYPE": 5, "NAME": "Amoco Road", "HWY_NUMBER": "748", "ROAD_CLASS": "SECONDARY", "GEO_SOURCE": "OPHADD", "GEO_DATE": 1000425600000, "UPDATE_DATE": 1719705600000}}, {"type": "Feature", "id": 4606334, "geometry": {"type": "LineString", "coordinates": [[-116.61503319454664, 53.71277954542414], [-116.61531472647928, 53.71279954311129], [-116.61555671596375, 53.71283435075569], [-116.61572782241116, 53.71290342504837], [-116.61590913548031, 53.71302946707677], [-116.61635814401068, 53.71344218534055], [-116.61689882407154, 53.71394408132145], [-116.61702474885196, 53.714089904812504], [-116.61719277108837, 53.7142875073134], [-116.61728991160129, 53.71451937760658], [-116.61734604935423, 53.71472800679568], [-116.61735480906435, 53.71495631205182], [-116.6173305832829, 53.715161268025035], [-116.61726626684543, 53.71536676523973], [-116.61723201590017, 53.7155195099756], [-116.6171476482552, 53.71564971489187]]}, "properties": {"OBJECTID": 4606334, "FEATURE_TYPE": 4, "NAME": "", "HWY_NUMBER": " ", "ROAD_CLASS": "OTHER", "GEO_SOURCE": "SPTADD", "GEO_DATE": 1378944000000, "UPDATE_DATE": 1590537600000}}, {"type": "Feature", "id": 4606335, "geometry": {"type": "LineString", "coordinates": [[-116.60570722628957, 53.713694172643855], [-116.60583257675466, 53.71372850122693], [-116.60603753526554, 53.713823857286414], [-116.60631605117396, 53.713900863873405], [-116.60664003432207, 53.71398217739237], [-116.60692306213289, 53.714048915005506], [-116.6073847613384, 53.714157779895864], [-116.6076602761008, 53.71423022372951], [-116.6080318266314, 53.71429661872653], [-116.60839427240911, 53.71433458203123], [-116.60875580971108, 53.71434876274791], [-116.60932599858377, 53.71436489764272], [-116.61025772749903, 53.71439520687578], [-116.61065152018264, 53.71441370648956], [-116.61098918642588, 53.71443295962914], [-116.61136730781625, 53.71446118584562], [-116.61164921315356, 53.71449070538227], [-116.61191580925271, 53.71453946486508], [-116.61220664357938, 53.71459265665239], [-116.61242604222717, 53.714665844807854], [-116.61268089706675, 53.714761553971], [-116.61293973614941, 53.71488259352337], [-116.61312779262893, 53.71497523791659], [-116.61334737686637, 53.71505318010508], [-116.61357479852839, 53.715126258124485], [-116.61393853088533, 53.71519749930366], [-116.61458453995547, 53.7153077643548], [-116.61552230821152, 53.71549499097606], [-116.61593379014744, 53.71555606486443], [-116.61611110349267, 53.71557746659282], [-116.61649069745992, 53.715643726974434], [-116.61671812765525, 53.71571679895633], [-116.6168413205994, 53.715791277443905], [-116.61696779569675, 53.71590304960209]]}, "properties": {"OBJECTID": 4606335, "FEATURE_TYPE": 4, "NAME": "", "HWY_NUMBER": " ", "ROAD_CLASS": "OTHER", "GEO_SOURCE": "20KADD", "GEO_DATE": 484444800000, "UPDATE_DATE": 1453248000000}}, {"type": "Feature", "id": 4606339, "geometry": {"type": "LineString", "coordinates": [[-116.61467554548885, 53.720309767744915], [-116.6148862619952, 53.72025166995191], [-116.61544340962651, 53.72013470622668], [-116.61607035328316, 53.719954932767415], [-116.61635630494048, 53.719879692957356], [-116.6165137665215, 53.71980142722549], [-116.61663095049806, 53.71971894661931], [-116.61669054237301, 53.71959917211706], [-116.616701653633, 53.719470533648085], [-116.6166803252036, 53.71933281655375], [-116.61661106430326, 53.719200504491646], [-116.61644211263356, 53.718979120055835], [-116.61616526965277, 53.71866401526322], [-116.61583776389361, 53.71828296938773], [-116.61554361550776, 53.7179347846917], [-116.61547582046659, 53.71784052232219], [-116.61547126292783, 53.7177216134518], [-116.6154993273216, 53.71761654106461], [-116.61558352079793, 53.71751071171237], [-116.6156925004253, 53.71742358351107], [-116.61594380648428, 53.71728218889294], [-116.61632304455684, 53.71712954948187], [-116.61663125203953, 53.717007610022705], [-116.61685904586382, 53.71688080624604], [-116.61699972910935, 53.716783730707384], [-116.61713840442242, 53.71663433556832], [-116.61722168092567, 53.7165047236721], [-116.61724099133254, 53.71638073349029], [-116.61722786276164, 53.71624766482934], [-116.61716317888246, 53.71612363856986], [-116.61710684743488, 53.716020875021684], [-116.61696779569675, 53.71590304960209]]}, "properties": {"OBJECTID": 4606339, "FEATURE_TYPE": 4, "NAME": "", "HWY_NUMBER": " ", "ROAD_CLASS": "OTHER", "GEO_SOURCE": "20KADD", "GEO_DATE": 484444800000, "UPDATE_DATE": 1453248000000}}, {"type": "Feature", "id": 4606340, "geometry": {"type": "LineString", "coordinates": [[-116.52526679958986, 53.71546462980163], [-116.52509494523268, 53.71562984549693], [-116.52505732098663, 53.71570704287814], [-116.5250516703209, 53.71577424408892], [-116.52504688508482, 53.715865408444124], [-116.52508319080195, 53.715975229741254], [-116.5251479273597, 53.71605011588339], [-116.52541061168262, 53.71631150151355], [-116.52603619587299, 53.71684536245271], [-116.52661175648649, 53.71733670253138], [-116.5272275103173, 53.71784548811128], [-116.52778333235622, 53.718213625186614], [-116.52844416402945, 53.7186031756454], [-116.52886004000148, 53.71885416662131], [-116.52941196872109, 53.71922688823999], [-116.52997917691613, 53.71969121171383], [-116.5302389693662, 53.719961805594416], [-116.53047488718327, 53.72020752740645], [-116.53078179654891, 53.72064474021872], [-116.53095950844579, 53.720946029998395]]}, "properties": {"OBJECTID": 4606340, "FEATURE_TYPE": 5, "NAME": "Deerhill Road", "HWY_NUMBER": " ", "ROAD_CLASS": "OTHER", "GEO_SOURCE": "SPTADD", "GEO_DATE": 1000425600000, "UPDATE_DATE": 1719705600000}}, {"type": "Feature", "id": 4636759, "geometry": {"type": "LineString", "coordinates": [[-116.50215470526281, 53.62827531828011], [-116.50213656564821, 53.62776464240356]]}, "properties": {"OBJECTID": 4636759, "FEATURE_TYPE": 10, "NAME": "", "HWY_NUMBER": " ", "ROAD_CLASS": "OTHER", "GEO_SOURCE": "SPTADD", "GEO_DATE": 1120176000000, "UPDATE_DATE": 1366416000000}}, {"type": "Feature", "id": 4636760, "geometry": {"type": "LineString", "coordinates": [[-116.50758691572555, 53.62724488177651], [-116.50742527914916, 53.62727668909361], [-116.50729311055998, 53.62731556857023], [-116.507194934004, 53.62737138530606], [-116.50704376172536, 53.62746260296339], [-116.50684394181505, 53.62759412802799], [-116.5067494943869, 53.627637493395056], [-116.50665851208956, 53.62766096751781], [-116.50652102098803, 53.62766765974743], [-116.50620813933271, 53.62767159783727]]}, "properties": {"OBJECTID": 4636760, "FEATURE_TYPE": 10, "NAME": "", "HWY_NUMBER": " ", "ROAD_CLASS": "OTHER", "GEO_SOURCE": "SPTADD", "GEO_DATE": 1530057600000, "UPDATE_DATE": 1584403200000}}, {"type": "Feature", "id": 4636761, "geometry": {"type": "LineString", "coordinates": [[-116.53498606289602, 53.625425554580204], [-116.53472969797755, 53.62547524113296], [-116.53455786639256, 53.625538119677], [-116.53444082126555, 53.625621709752764], [-116.53430184194632, 53.62576268758452], [-116.53426790508091, 53.62582022842992], [-116.53419964435503, 53.62592460794334], [-116.53414912760364, 53.626021621284885], [-116.5341509393667, 53.62607156605419], [-116.53418953548241, 53.62614245348996]]}, "properties": {"OBJECTID": 4636761, "FEATURE_TYPE": 10, "NAME": "", "HWY_NUMBER": " ", "ROAD_CLASS": "OTHER", "GEO_SOURCE": "SPTADD", "GEO_DATE": 1530057600000, "UPDATE_DATE": 1584403200000}}, {"type": "Feature", "id": 4636766, "geometry": {"type": "LineString", "coordinates": [[-116.53886056387837, 53.62705870057069], [-116.53887031430548, 53.62690325463051], [-116.53884358317433, 53.62682864766422], [-116.53879336627371, 53.62676861821737], [-116.53869462026834, 53.626694936245286], [-116.53857774145449, 53.62661791797171], [-116.53839329110359, 53.6264989388515], [-116.53814818018843, 53.626362894213464]]}, "properties": {"OBJECTID": 4636766, "FEATURE_TYPE": 14, "NAME": "", "HWY_NUMBER": " ", "ROAD_CLASS": "OTHER", "GEO_SOURCE": "OPHADD", "GEO_DATE": 1346457600000, "UPDATE_DATE": 1366416000000}}, {"type": "Feature", "id": 4636767, "geometry": {"type": "LineString", "coordinates": [[-116.54177969575473, 53.627490405810704], [-116.54187181543969, 53.62738214518336], [-116.54188095587651, 53.62730350737721], [-116.54185996069918, 53.62722168758167], [-116.54177321019407, 53.627147853575565], [-116.54158549909333, 53.62693969416403], [-116.5415218444629, 53.62684057800783], [-116.54151638299457, 53.62669074603356], [-116.54157381371652, 53.62645444432789], [-116.54158152560304, 53.626336564009755], [-116.54164612742146, 53.62613229123087]]}, "properties": {"OBJECTID": 4636767, "FEATURE_TYPE": 10, "NAME": "", "HWY_NUMBER": " ", "ROAD_CLASS": "OTHER", "GEO_SOURCE": "SPTADD", "GEO_DATE": 1530057600000, "UPDATE_DATE": 1584403200000}}, {"type": "Feature", "id": 4636768, "geometry": {"type": "LineString", "coordinates": [[-116.55661698944094, 53.62711113852949], [-116.5562111878158, 53.627108017356576], [-116.55577213819474, 53.627109375699135], [-116.55542850017366, 53.62711819231302], [-116.5550206287432, 53.62717134648335], [-116.55451082792318, 53.6272388739928], [-116.55440110584782, 53.62724029912917], [-116.554326837563, 53.627210811421804], [-116.55431632704467, 53.62712394099392], [-116.55427224203865, 53.62692004827583]]}, "properties": {"OBJECTID": 4636768, "FEATURE_TYPE": 10, "NAME": "", "HWY_NUMBER": " ", "ROAD_CLASS": "OTHER", "GEO_SOURCE": "SPTADD", "GEO_DATE": 1530057600000, "UPDATE_DATE": 1584057600000}}, {"type": "Feature", "id": 4636770, "geometry": {"type": "LineString", "coordinates": [[-116.55661777666444, 53.627020073551186], [-116.55676135070769, 53.62694424980428], [-116.55733964944699, 53.626749662163355], [-116.55741850934578, 53.626705132912136], [-116.5574679525648, 53.626656635592376], [-116.55743677159342, 53.62660483754592]]}, "properties": {"OBJECTID": 4636770, "FEATURE_TYPE": 10, "NAME": "", "HWY_NUMBER": " ", "ROAD_CLASS": "OTHER", "GEO_SOURCE": "SPTADD", "GEO_DATE": 1413849600000, "UPDATE_DATE": 1453248000000}}, {"type": "Feature", "id": 4636772, "geometry": {"type": "LineString", "coordinates": [[-116.58491758892356, 53.628421563748155], [-116.58492071876809, 53.62825722385045], [-116.58483824187074, 53.628154456619114], [-116.58471346834335, 53.628088600396815], [-116.58322145386767, 53.62720476730322], [-116.58315761241147, 53.62713291077647], [-116.58312015968701, 53.627065896855484], [-116.58314363515156, 53.626992884339145], [-116.58327227588931, 53.626928867598245], [-116.58362307638168, 53.62673208507073], [-116.58411939152168, 53.62645548173999]]}, "properties": {"OBJECTID": 4636772, "FEATURE_TYPE": 10, "NAME": "", "HWY_NUMBER": " ", "ROAD_CLASS": "OTHER", "GEO_SOURCE": "SPTADD", "GEO_DATE": 1530057600000, "UPDATE_DATE": 1583712000000}}, {"type": "Feature", "id": 4637196, "geometry": {"type": "LineString", "coordinates": [[-116.56390539184501, 53.62838631865456], [-116.56391529128187, 53.6282387353513], [-116.56387212208054, 53.62806093543815], [-116.56380684963939, 53.627879074377404], [-116.56365757638127, 53.6276026038826], [-116.56357783493819, 53.62742528168501], [-116.56352454105998, 53.62736942323613], [-116.56340637966855, 53.627340514555215], [-116.56325276662139, 53.62734252116707]]}, "properties": {"OBJECTID": 4637196, "FEATURE_TYPE": 10, "NAME": "", "HWY_NUMBER": " ", "ROAD_CLASS": "OTHER", "GEO_SOURCE": "SPTADD", "GEO_DATE": 1530057600000, "UPDATE_DATE": 1584057600000}}, {"type": "Feature", "id": 4637578, "geometry": {"type": "LineString", "coordinates": [[-116.60564975133612, 53.62435443047742], [-116.60562115937142, 53.62486932077759], [-116.60563026225994, 53.62581645269545], [-116.60562591327536, 53.62688084013777], [-116.60563602588324, 53.62785456616796], [-116.60565973173938, 53.62870713061739]]}, "properties": {"OBJECTID": 4637578, "FEATURE_TYPE": 4, "NAME": "", "HWY_NUMBER": " ", "ROAD_CLASS": "OTHER", "GEO_SOURCE": "20KADD", "GEO_DATE": 484444800000, "UPDATE_DATE": 1366416000000}}, {"type": "Feature", "id": 4637583, "geometry": {"type": "LineString", "coordinates": [[-116.55658771346383, 53.62361850482407], [-116.55657652098641, 53.6247062338738], [-116.5565717300586, 53.62596789252998], [-116.55659178341658, 53.62671153776374], [-116.55661777666444, 53.627020073551186]]}, "properties": {"OBJECTID": 4637583, "FEATURE_TYPE": 4, "NAME": "", "HWY_NUMBER": " ", "ROAD_CLASS": "OTHER", "GEO_SOURCE": "SPTADD", "GEO_DATE": 1413849600000, "UPDATE_DATE": 1453248000000}}, {"type": "Feature", "id": 4637584, "geometry": {"type": "LineString", "coordinates": [[-116.55661698944094, 53.62711113852949], [-116.55661081230886, 53.62782497467018], [-116.55659456316205, 53.62837767820179]]}, "properties": {"OBJECTID": 4637584, "FEATURE_TYPE": 4, "NAME": "", "HWY_NUMBER": " ", "ROAD_CLASS": "OTHER", "GEO_SOURCE": "SPTADD", "GEO_DATE": 1413849600000, "UPDATE_DATE": 1453248000000}}, {"type": "Feature", "id": 4637704, "geometry": {"type": "LineString", "coordinates": [[-116.50757652090309, 53.620912247287706], [-116.50758496321545, 53.62190198600093], [-116.5075939796399, 53.623813644224754], [-116.50757930721196, 53.62633702904254], [-116.50758691572555, 53.62724488177651]]}, "properties": {"OBJECTID": 4637704, "FEATURE_TYPE": 8, "NAME": "", "HWY_NUMBER": " ", "ROAD_CLASS": "OTHER", "GEO_SOURCE": "20KADD", "GEO_DATE": 484444800000, "UPDATE_DATE": 1366416000000}}, {"type": "Feature", "id": 4637706, "geometry": {"type": "LineString", "coordinates": [[-116.50758691572555, 53.62724488177651], [-116.50758073974269, 53.6281856281461], [-116.50758611301376, 53.62828822812399]]}, "properties": {"OBJECTID": 4637706, "FEATURE_TYPE": 8, "NAME": "", "HWY_NUMBER": " ", "ROAD_CLASS": "OTHER", "GEO_SOURCE": "20KADD", "GEO_DATE": 484444800000, "UPDATE_DATE": 1366416000000}}, {"type": "Feature", "id": 4637709, "geometry": {"type": "LineString", "coordinates": [[-116.54177969575473, 53.627490405810704], [-116.54151238341824, 53.62740462113393], [-116.54121584669728, 53.62734062734596], [-116.54076901720944, 53.62727142914224], [-116.54037058955063, 53.62721231342791], [-116.5399610704681, 53.627178323574135], [-116.53950405943594, 53.627159219699706], [-116.5391604257196, 53.62712080933339], [-116.53886056387837, 53.62705870057069]]}, "properties": {"OBJECTID": 4637709, "FEATURE_TYPE": 4, "NAME": "", "HWY_NUMBER": " ", "ROAD_CLASS": "OTHER", "GEO_SOURCE": "SPTADD", "GEO_DATE": 1530057600000, "UPDATE_DATE": 1584403200000}}, {"type": "Feature", "id": 4637710, "geometry": {"type": "LineString", "coordinates": [[-116.53886056387837, 53.62705870057069], [-116.53787828385741, 53.62686603928335], [-116.53739402966048, 53.626758049434414], [-116.53694043428399, 53.626667508796025], [-116.53668604741215, 53.62660653097466], [-116.53638874578549, 53.62652112089494], [-116.53615745842518, 53.62643486185903], [-116.5358944812777, 53.62630261040894], [-116.53570378066145, 53.62617656962969], [-116.53549991232106, 53.62601857437403], [-116.53536883639309, 53.625881060942596], [-116.53498606289602, 53.625425554580204]]}, "properties": {"OBJECTID": 4637710, "FEATURE_TYPE": 4, "NAME": "", "HWY_NUMBER": " ", "ROAD_CLASS": "OTHER", "GEO_SOURCE": "SPTADD", "GEO_DATE": 1530057600000, "UPDATE_DATE": 1584403200000}}, {"type": "Feature", "id": 4637712, "geometry": {"type": "LineString", "coordinates": [[-116.54303505631921, 53.629560677306415], [-116.542922952833, 53.629038947066185], [-116.5428150982805, 53.62855136785299], [-116.54277227126818, 53.62839988717424], [-116.5427668394451, 53.62838067251653], [-116.54270801040934, 53.62824937343349], [-116.54264331157886, 53.62812171931942], [-116.54254743291797, 53.62796234390431], [-116.54239845436068, 53.62782863812908], [-116.54218946359633, 53.62769570460371], [-116.54199325510903, 53.62758402115721], [-116.54177969575473, 53.627490405810704]]}, "properties": {"OBJECTID": 4637712, "FEATURE_TYPE": 4, "NAME": "", "HWY_NUMBER": " ", "ROAD_CLASS": "OTHER", "GEO_SOURCE": "SPTADD", "GEO_DATE": 1530057600000, "UPDATE_DATE": 1584403200000}}, {"type": "Feature", "id": 4645424, "geometry": {"type": "LineString", "coordinates": [[-116.6375163273224, 53.628514322705804], [-116.63701286046107, 53.6282097250916], [-116.63696600509468, 53.62818137653886], [-116.63497537371924, 53.62706858643402], [-116.63333143282632, 53.62614953222481]]}, "properties": {"OBJECTID": 4645424, "FEATURE_TYPE": 14, "NAME": "", "HWY_NUMBER": " ", "ROAD_CLASS": "OTHER", "GEO_SOURCE": "SPTADD", "GEO_DATE": 1413849600000, "UPDATE_DATE": 1453248000000}}, {"type": "Feature", "id": 4645464, "geometry": {"type": "LineString", "coordinates": [[-116.51409814094694, 53.629819337469065], [-116.51421528646047, 53.629849419064726], [-116.51431690006568, 53.629825291192056], [-116.51440475378976, 53.62977468747409], [-116.51445256221693, 53.62967890686045], [-116.51442954071375, 53.62957260048938], [-116.51435026560826, 53.62950507688972], [-116.5142267219964, 53.6294533411859], [-116.51409501252381, 53.62945836998483]]}, "properties": {"OBJECTID": 4645464, "FEATURE_TYPE": 10, "NAME": "", "HWY_NUMBER": " ", "ROAD_CLASS": "OTHER", "GEO_SOURCE": "SPTADD", "GEO_DATE": 1413849600000, "UPDATE_DATE": 1453248000000}}, {"type": "Feature", "id": 4645664, "geometry": {"type": "LineString", "coordinates": [[-116.55656520733008, 53.66949066591286], [-116.55580259382721, 53.669479524998174], [-116.55534323952695, 53.66951820942097], [-116.55510480762375, 53.669571868649605], [-116.55499609767372, 53.66961194592295], [-116.55493952714487, 53.66970785709941], [-116.55466876633777, 53.67024376393395], [-116.55412919266836, 53.67136908732608], [-116.55373535637136, 53.67209991607108]]}, "properties": {"OBJECTID": 4645664, "FEATURE_TYPE": 4, "NAME": "", "HWY_NUMBER": " ", "ROAD_CLASS": "OTHER", "GEO_SOURCE": "SPTADD", "GEO_DATE": 1378944000000, "UPDATE_DATE": 1661817600000}}, {"type": "Feature", "id": 4645665, "geometry": {"type": "LineString", "coordinates": [[-116.55664692755263, 53.660319739320464], [-116.55667409910696, 53.66105700199882], [-116.55680079676462, 53.66123381012299], [-116.55698580114418, 53.66136227153001], [-116.55735362404113, 53.66155973764611], [-116.55812756470188, 53.66190657802493], [-116.55961322633058, 53.66254157107473]]}, "properties": {"OBJECTID": 4645665, "FEATURE_TYPE": 14, "NAME": "", "HWY_NUMBER": " ", "ROAD_CLASS": "OTHER", "GEO_SOURCE": "SPTADD", "GEO_DATE": 1413849600000, "UPDATE_DATE": 1453248000000}}, {"type": "Feature", "id": 4645670, "geometry": {"type": "LineString", "coordinates": [[-116.5045978589829, 53.62847526574505], [-116.50431281408666, 53.628470090609454], [-116.50357622721424, 53.628473507538416], [-116.50342926224552, 53.62848411205864], [-116.50331697201938, 53.628503039131466], [-116.50322504699572, 53.628542146884946], [-116.50317270533031, 53.6285895156928], [-116.50316108812943, 53.62867724525019], [-116.5031588763533, 53.62875317837795]]}, "properties": {"OBJECTID": 4645670, "FEATURE_TYPE": 10, "NAME": "", "HWY_NUMBER": " ", "ROAD_CLASS": "OTHER", "GEO_SOURCE": "SPTADD", "GEO_DATE": 1413849600000, "UPDATE_DATE": 1584403200000}}, {"type": "Feature", "id": 4645671, "geometry": {"type": "LineString", "coordinates": [[-116.58123127447467, 53.65659803317687], [-116.58125403826948, 53.656850666550405]]}, "properties": {"OBJECTID": 4645671, "FEATURE_TYPE": 4, "NAME": "Grande Prairie Trail Road", "HWY_NUMBER": " ", "ROAD_CLASS": "OTHER", "GEO_SOURCE": "SPTADD", "GEO_DATE": 1413849600000, "UPDATE_DATE": 1719705600000}}, {"type": "Feature", "id": 4645672, "geometry": {"type": "LineString", "coordinates": [[-116.55071160750443, 53.68992326014656], [-116.55046361894286, 53.68981463532569], [-116.54892604218797, 53.68914111636357], [-116.54865290458956, 53.68904762540874], [-116.54839873575408, 53.688960627015], [-116.54816114562666, 53.688935602810666], [-116.54795818741171, 53.68899441885052], [-116.54783442444129, 53.689061576284224], [-116.54756222449225, 53.689383517713935], [-116.54706238047176, 53.68995190088381], [-116.54687861864826, 53.69010412155311], [-116.5459957853508, 53.69055569510658], [-116.54574893107083, 53.69070872842462], [-116.54552401997468, 53.69103005462556], [-116.54507555742128, 53.69171015096418], [-116.54492366672915, 53.69187132259279], [-116.54459931365709, 53.69206281417917], [-116.54430615840761, 53.69224453732454], [-116.54416969201903, 53.692396143803], [-116.54416145795007, 53.692602288418556], [-116.54415596485879, 53.69288332157303], [-116.54416526218004, 53.69389580359887], [-116.54417665873076, 53.69513677914605], [-116.54418105996412, 53.69561599353632], [-116.54419736636378, 53.697391065808645], [-116.54420685360245, 53.69842368887998], [-116.54417695320478, 53.69859597271863], [-116.54396845074439, 53.69883502131995], [-116.54376413615252, 53.69907365673938], [-116.54344758035712, 53.69944338048177]]}, "properties": {"OBJECTID": 4645672, "FEATURE_TYPE": 4, "NAME": "", "HWY_NUMBER": " ", "ROAD_CLASS": "OTHER", "GEO_SOURCE": "SPTADD", "GEO_DATE": 1378944000000, "UPDATE_DATE": 1663632000000}}, {"type": "Feature", "id": 4645675, "geometry": {"type": "LineString", "coordinates": [[-116.60180350102375, 53.7056172920858], [-116.60118451209858, 53.70489670817651]]}, "properties": {"OBJECTID": 4645675, "FEATURE_TYPE": 4, "NAME": "", "HWY_NUMBER": " ", "ROAD_CLASS": "OTHER", "GEO_SOURCE": "SPTADD", "GEO_DATE": 1378944000000, "UPDATE_DATE": 1664236800000}}, {"type": "Feature", "id": 4645676, "geometry": {"type": "LineString", "coordinates": [[-116.5582906471564, 53.6855633536249], [-116.55767556916298, 53.6853256503254], [-116.55734422142737, 53.68518928079004], [-116.55704661651681, 53.685052873614474], [-116.55686247353768, 53.68494171064442], [-116.55670057858813, 53.6848235773072], [-116.55665214084053, 53.684730688948505], [-116.55665747751233, 53.68457030352139], [-116.5566678255687, 53.682105300581874], [-116.55669812988891, 53.67949008639361], [-116.55667509596167, 53.67932088780126], [-116.55658786132277, 53.679232287966784], [-116.55645100359801, 53.67916427412461], [-116.55599559141373, 53.679110369494985], [-116.55296100278812, 53.67879082751246], [-116.55270738845256, 53.67874426370331]]}, "properties": {"OBJECTID": 4645676, "FEATURE_TYPE": 4, "NAME": "", "HWY_NUMBER": " ", "ROAD_CLASS": "OTHER", "GEO_SOURCE": "SPTADD", "GEO_DATE": 1378944000000, "UPDATE_DATE": 1663027200000}}, {"type": "Feature", "id": 4645677, "geometry": {"type": "LineString", "coordinates": [[-116.59496178976114, 53.664250068461854], [-116.59459646343282, 53.66450675740147], [-116.5943490950502, 53.66465232732796], [-116.5941383497039, 53.664710462440304], [-116.59385990257186, 53.66473788249236], [-116.58993341451927, 53.664726855840264], [-116.58959465058943, 53.664692561631526], [-116.58951926625815, 53.664684930049184], [-116.58913142489277, 53.66463474876966], [-116.58900992301236, 53.66458893656003]]}, "properties": {"OBJECTID": 4645677, "FEATURE_TYPE": 4, "NAME": "", "HWY_NUMBER": " ", "ROAD_CLASS": "OTHER", "GEO_SOURCE": "SPTADD", "GEO_DATE": 1378944000000, "UPDATE_DATE": 1661817600000}}, {"type": "Feature", "id": 4645678, "geometry": {"type": "LineString", "coordinates": [[-116.56877314161963, 53.652540711741835], [-116.56890391746391, 53.65240145743444], [-116.56897012654017, 53.652251328596996], [-116.56901399772396, 53.65117749430159], [-116.56916232694718, 53.65098364213898], [-116.56942038472981, 53.65084521336858], [-116.56959394586283, 53.65068656855298], [-116.56968485852109, 53.65055743874573], [-116.56974147897454, 53.6504714035613]]}, "properties": {"OBJECTID": 4645678, "FEATURE_TYPE": 10, "NAME": "", "HWY_NUMBER": " ", "ROAD_CLASS": "OTHER", "GEO_SOURCE": "SPTADD", "GEO_DATE": 1413849600000, "UPDATE_DATE": 1453248000000}}, {"type": "Feature", "id": 4645679, "geometry": {"type": "LineString", "coordinates": [[-116.50761133645442, 53.6346414261563], [-116.50814133117676, 53.634591577434975], [-116.50850072713276, 53.6345500682825]]}, "properties": {"OBJECTID": 4645679, "FEATURE_TYPE": 10, "NAME": "", "HWY_NUMBER": " ", "ROAD_CLASS": "OTHER", "GEO_SOURCE": "SPTADD", "GEO_DATE": 1530057600000, "UPDATE_DATE": 1586390400000}}, {"type": "Feature", "id": 4645680, "geometry": {"type": "LineString", "coordinates": [[-116.50763728442904, 53.64652500501116], [-116.5074787065556, 53.64654779207607], [-116.50733192081506, 53.64656214342028], [-116.50722734862518, 53.6465801304187], [-116.50718727908546, 53.646595575855464], [-116.50708204826293, 53.646636138880766], [-116.5066160215848, 53.64674619506243], [-116.5061223922371, 53.64686909963533], [-116.50576019065336, 53.64694033821977], [-116.50566919441168, 53.64694565015112], [-116.50555449354049, 53.64692633973352], [-116.50537176059973, 53.64686603958294]]}, "properties": {"OBJECTID": 4645680, "FEATURE_TYPE": 10, "NAME": "", "HWY_NUMBER": " ", "ROAD_CLASS": "OTHER", "GEO_SOURCE": "SPTADD", "GEO_DATE": 1413849600000, "UPDATE_DATE": 1453248000000}}, {"type": "Feature", "id": 4645683, "geometry": {"type": "LineString", "coordinates": [[-116.53220238946567, 53.64379517496644], [-116.53202548233229, 53.64394446594915], [-116.53166108896006, 53.64413097853555], [-116.53134651813437, 53.64425494657129], [-116.53113327903498, 53.6443002346479], [-116.53007393658497, 53.64435634144373], [-116.52975487992215, 53.644356549631134], [-116.52954632851177, 53.64435147709624], [-116.52934995477116, 53.64432303227828], [-116.52914567267658, 53.644255998472445], [-116.5290308302833, 53.64414139101035]]}, "properties": {"OBJECTID": 4645683, "FEATURE_TYPE": 10, "NAME": "", "HWY_NUMBER": " ", "ROAD_CLASS": "OTHER", "GEO_SOURCE": "SPTADD", "GEO_DATE": 1413849600000, "UPDATE_DATE": 1453248000000}}, {"type": "Feature", "id": 4645686, "geometry": {"type": "LineString", "coordinates": [[-116.605718664376, 53.652333166325555], [-116.60730726806797, 53.65230185307148]]}, "properties": {"OBJECTID": 4645686, "FEATURE_TYPE": 4, "NAME": "", "HWY_NUMBER": " ", "ROAD_CLASS": "OTHER", "GEO_SOURCE": "SPTADD", "GEO_DATE": 1413849600000, "UPDATE_DATE": 1661212800000}}, {"type": "Feature", "id": 4645687, "geometry": {"type": "LineString", "coordinates": [[-116.5045978589829, 53.62847526574505], [-116.50454839699927, 53.62874155767704], [-116.50450695779244, 53.629095332381006], [-116.50446996750844, 53.629160025328346], [-116.50441856083535, 53.629233657754035], [-116.50432891758966, 53.62933696561876]]}, "properties": {"OBJECTID": 4645687, "FEATURE_TYPE": 10, "NAME": "", "HWY_NUMBER": " ", "ROAD_CLASS": "OTHER", "GEO_SOURCE": "SPTADD", "GEO_DATE": 1413849600000, "UPDATE_DATE": 1584403200000}}, {"type": "Feature", "id": 4645690, "geometry": {"type": "LineString", "coordinates": [[-116.50761644956498, 53.633077041901394], [-116.50790686184624, 53.63311622066397], [-116.50830530195522, 53.63317544342751], [-116.50876525652812, 53.633245047951085], [-116.50891490781675, 53.63325425603621], [-116.50913712877725, 53.63326346531734], [-116.50933557419795, 53.633236241232225], [-116.50973436504565, 53.6332032442716], [-116.50989685015094, 53.63322338210157], [-116.50995400991063, 53.633255943172976]]}, "properties": {"OBJECTID": 4645690, "FEATURE_TYPE": 10, "NAME": "", "HWY_NUMBER": " ", "ROAD_CLASS": "OTHER", "GEO_SOURCE": "SPTADD", "GEO_DATE": 1530057600000, "UPDATE_DATE": 1586390400000}}, {"type": "Feature", "id": 4645693, "geometry": {"type": "LineString", "coordinates": [[-116.5597481379594, 53.649007642795596], [-116.55967537919256, 53.64870246432585], [-116.55953837039307, 53.64841165019702], [-116.55916881471704, 53.64763619976804], [-116.55902043770871, 53.64737929386487], [-116.5588425823406, 53.64717904198327]]}, "properties": {"OBJECTID": 4645693, "FEATURE_TYPE": 10, "NAME": "", "HWY_NUMBER": " ", "ROAD_CLASS": "OTHER", "GEO_SOURCE": "SPTADD", "GEO_DATE": 1413849600000, "UPDATE_DATE": 1453248000000}}, {"type": "Feature", "id": 4645694, "geometry": {"type": "LineString", "coordinates": [[-116.57210949146484, 53.637659299150066], [-116.57269910146306, 53.63767575639514], [-116.57314020407927, 53.63765495383413], [-116.57324143310808, 53.63766112622354], [-116.57331910082053, 53.637712625733286], [-116.57332077549225, 53.63775762211388], [-116.57327225257775, 53.6378107803373], [-116.57318475833934, 53.63783444000875], [-116.57307118765826, 53.637835932687736], [-116.57286844826103, 53.63781608741359], [-116.57241498212534, 53.637747957082226], [-116.57210949146484, 53.637659299150066]]}, "properties": {"OBJECTID": 4645694, "FEATURE_TYPE": 10, "NAME": "", "HWY_NUMBER": " ", "ROAD_CLASS": "OTHER", "GEO_SOURCE": "SPTADD", "GEO_DATE": 1413849600000, "UPDATE_DATE": 1453248000000}}, {"type": "Feature", "id": 4645700, "geometry": {"type": "LineString", "coordinates": [[-116.55270738845256, 53.67874426370331], [-116.5521107404072, 53.67850273843763], [-116.54863532092203, 53.67669323538149]]}, "properties": {"OBJECTID": 4645700, "FEATURE_TYPE": 4, "NAME": "", "HWY_NUMBER": " ", "ROAD_CLASS": "OTHER", "GEO_SOURCE": "SPTADD", "GEO_DATE": 1621555200000, "UPDATE_DATE": 1663027200000}}, {"type": "Feature", "id": 4645701, "geometry": {"type": "LineString", "coordinates": [[-116.53163173443335, 53.66986217940338], [-116.53209421104737, 53.66989052131607], [-116.5325513158609, 53.66990039569001], [-116.53276332835605, 53.66990554350601], [-116.53295791553703, 53.66997773990909], [-116.5330466394002, 53.670051291477776], [-116.53306919884805, 53.67012569015472], [-116.53314192622058, 53.67030558150743]]}, "properties": {"OBJECTID": 4645701, "FEATURE_TYPE": 4, "NAME": "", "HWY_NUMBER": " ", "ROAD_CLASS": "OTHER", "GEO_SOURCE": "SPTADD", "GEO_DATE": 1378944000000, "UPDATE_DATE": 1453248000000}}, {"type": "Feature", "id": 4645702, "geometry": {"type": "LineString", "coordinates": [[-116.5676919074107, 53.67438853932975], [-116.5674037630365, 53.67410785006118], [-116.56688986212858, 53.673757665065196], [-116.56652991598297, 53.67350658929812], [-116.56559998582941, 53.673013128109886], [-116.56488365188302, 53.67260609615374], [-116.56392592463374, 53.672172471454026], [-116.56279778179845, 53.67173511378591], [-116.56234127128782, 53.671580461589116], [-116.56213793883725, 53.67149983570485], [-116.56191414233838, 53.671407578680316], [-116.5616093663, 53.67129258371884], [-116.56139690295639, 53.67123586936688], [-116.56100465524999, 53.67119339637922], [-116.56071231387956, 53.671143670140104], [-116.56043130325564, 53.67112948695939], [-116.56011024330971, 53.671115825852326], [-116.55986906440788, 53.67109517348468], [-116.55962656648164, 53.67103884728303], [-116.55931244640398, 53.67094181394545], [-116.55914157557265, 53.67092619335162], [-116.5588105044244, 53.67091265913047], [-116.55850925173053, 53.67089278610444], [-116.55827742812325, 53.67085416395759], [-116.55804043092232, 53.67080341417512], [-116.55787232188509, 53.670734516372306], [-116.55775845666932, 53.67063487331446], [-116.55764305508825, 53.67049361074292], [-116.55750807000958, 53.67036449964571], [-116.55718175403013, 53.67020813430512], [-116.55694620822564, 53.67006843261935], [-116.55680121225716, 53.66993945091171], [-116.55671738877685, 53.669839416268935], [-116.55667339326243, 53.669732914898624], [-116.55664745083806, 53.66957264257219], [-116.55656520733008, 53.66949066591286]]}, "properties": {"OBJECTID": 4645702, "FEATURE_TYPE": 4, "NAME": "", "HWY_NUMBER": " ", "ROAD_CLASS": "OTHER", "GEO_SOURCE": "SPTADD", "GEO_DATE": 1378944000000, "UPDATE_DATE": 1661817600000}}, {"type": "Feature", "id": 4645705, "geometry": {"type": "LineString", "coordinates": [[-116.52088245779403, 53.70114570931109], [-116.52275809918106, 53.701175414175076], [-116.52304931814216, 53.70118955701518], [-116.52331176743384, 53.70123975522229], [-116.52352604953694, 53.701344102159304], [-116.52380453431525, 53.70156065220863], [-116.5239425279839, 53.701773040368394]]}, "properties": {"OBJECTID": 4645705, "FEATURE_TYPE": 10, "NAME": "", "HWY_NUMBER": " ", "ROAD_CLASS": "OTHER", "GEO_SOURCE": "SPTADD", "GEO_DATE": 1631145600000, "UPDATE_DATE": 1663632000000}}, {"type": "Feature", "id": 4645707, "geometry": {"type": "LineString", "coordinates": [[-116.56992707846936, 53.63649044079585], [-116.57010858792898, 53.63659182364649], [-116.57026084641377, 53.63661233494722], [-116.57043778478268, 53.63661751640835], [-116.57052583532595, 53.63660885816303], [-116.57076391692527, 53.636560715529725], [-116.57097759570091, 53.636535402361396], [-116.57107910046354, 53.636549075858845], [-116.57123191672177, 53.636584585333544], [-116.57139846666158, 53.63664992506787], [-116.57152660417535, 53.636700764001326]]}, "properties": {"OBJECTID": 4645707, "FEATURE_TYPE": 10, "NAME": "", "HWY_NUMBER": " ", "ROAD_CLASS": "OTHER", "GEO_SOURCE": "SPTADD", "GEO_DATE": 1413849600000, "UPDATE_DATE": 1453248000000}}, {"type": "Feature", "id": 4645708, "geometry": {"type": "LineString", "coordinates": [[-116.58489118401774, 53.65629801072558], [-116.58467805042163, 53.65609682740116], [-116.58466990710542, 53.65587974030152], [-116.58465068019886, 53.65536717205551], [-116.58468831671756, 53.65501674860768], [-116.58480987499551, 53.6547376118809], [-116.58492829194812, 53.654645546131945], [-116.58511301482554, 53.654425905419416]]}, "properties": {"OBJECTID": 4645708, "FEATURE_TYPE": 14, "NAME": "", "HWY_NUMBER": " ", "ROAD_CLASS": "OTHER", "GEO_SOURCE": "SPTADD", "GEO_DATE": 1413849600000, "UPDATE_DATE": 1453248000000}}, {"type": "Feature", "id": 4645710, "geometry": {"type": "LineString", "coordinates": [[-116.55656520733008, 53.66949066591286], [-116.55663321533062, 53.6693984209761], [-116.55664065585701, 53.66938832762285], [-116.556694920511, 53.669229986497136], [-116.55674158335692, 53.669137178158834], [-116.55686987580674, 53.66908494781183], [-116.55714933692269, 53.669057519121644], [-116.5584905128098, 53.6690281725733], [-116.56045418998296, 53.66903828798413], [-116.56215975359147, 53.669111223332905], [-116.56348090280446, 53.66908208214613], [-116.56367938205717, 53.66903190191454], [-116.56385607550294, 53.66893441848333]]}, "properties": {"OBJECTID": 4645710, "FEATURE_TYPE": 4, "NAME": "", "HWY_NUMBER": " ", "ROAD_CLASS": "OTHER", "GEO_SOURCE": "SPTADD", "GEO_DATE": 1378944000000, "UPDATE_DATE": 1661817600000}}, {"type": "Feature", "id": 4645711, "geometry": {"type": "LineString", "coordinates": [[-116.60307875467117, 53.6377062411575], [-116.60327816643836, 53.63768572424023], [-116.60363607021756, 53.63762144370344], [-116.60388414975587, 53.63756458275792], [-116.60410266644466, 53.63752001448381], [-116.60567821364779, 53.63752276870351]]}, "properties": {"OBJECTID": 4645711, "FEATURE_TYPE": 10, "NAME": "", "HWY_NUMBER": " ", "ROAD_CLASS": "OTHER", "GEO_SOURCE": "SPTADD", "GEO_DATE": 1413849600000, "UPDATE_DATE": 1453248000000}}, {"type": "Feature", "id": 4645713, "geometry": {"type": "LineString", "coordinates": [[-116.5597481379594, 53.649007642795596], [-116.55988043972904, 53.64928759057868], [-116.55985184589152, 53.64948520108418], [-116.5597856069408, 53.64963532516314], [-116.5595210865107, 53.649761378969885], [-116.55930742294633, 53.64980680908713], [-116.55910174458027, 53.64982547947266], [-116.55885803198429, 53.649786007533834]]}, "properties": {"OBJECTID": 4645713, "FEATURE_TYPE": 10, "NAME": "", "HWY_NUMBER": " ", "ROAD_CLASS": "OTHER", "GEO_SOURCE": "SPTADD", "GEO_DATE": 1413849600000, "UPDATE_DATE": 1453248000000}}, {"type": "Feature", "id": 4645717, "geometry": {"type": "LineString", "coordinates": [[-116.51842884153864, 53.70628073201994], [-116.51869102819627, 53.70626538284307], [-116.51900296556714, 53.70629711854302], [-116.51949785572346, 53.706397913925656], [-116.52036588592416, 53.706559404128704], [-116.52048656799714, 53.70656976901915], [-116.52055885967798, 53.70662833582196], [-116.52063158189884, 53.70669879382866], [-116.52072520264413, 53.706792780800576]]}, "properties": {"OBJECTID": 4645717, "FEATURE_TYPE": 10, "NAME": "", "HWY_NUMBER": " ", "ROAD_CLASS": "OTHER", "GEO_SOURCE": "SPTADD", "GEO_DATE": 1378944000000, "UPDATE_DATE": 1453248000000}}, {"type": "Feature", "id": 4645720, "geometry": {"type": "LineString", "coordinates": [[-116.58535676411562, 53.66122275505334], [-116.585307371765, 53.660970475076816], [-116.58519622010223, 53.660845480290995], [-116.58497747774202, 53.660690292069226], [-116.58456718993737, 53.660395364263685], [-116.58435938184985, 53.66017679647833], [-116.58421807726675, 53.65995734923732], [-116.58411697405671, 53.65974527389098], [-116.58401231514708, 53.65943839490333], [-116.58395967585336, 53.65909921160912], [-116.58382063069475, 53.658351840096074]]}, "properties": {"OBJECTID": 4645720, "FEATURE_TYPE": 10, "NAME": "", "HWY_NUMBER": " ", "ROAD_CLASS": "OTHER", "GEO_SOURCE": "SPTADD", "GEO_DATE": 1378944000000, "UPDATE_DATE": 1453248000000}}, {"type": "Feature", "id": 4645721, "geometry": {"type": "LineString", "coordinates": [[-116.57443416148442, 53.65470802306345], [-116.57474218457621, 53.654322059502235], [-116.5750791894916, 53.654054642319295], [-116.57519453772626, 53.65393940124142], [-116.57531279921834, 53.653902307260786]]}, "properties": {"OBJECTID": 4645721, "FEATURE_TYPE": 10, "NAME": "", "HWY_NUMBER": " ", "ROAD_CLASS": "OTHER", "GEO_SOURCE": "SPTADD", "GEO_DATE": 1413849600000, "UPDATE_DATE": 1453248000000}}, {"type": "Feature", "id": 4645729, "geometry": {"type": "LineString", "coordinates": [[-116.5028970067237, 53.70113813635616], [-116.50344080724227, 53.6999762810912], [-116.50359520313775, 53.699635893695984], [-116.50364907250967, 53.69958806860141], [-116.50371258868553, 53.699554473230506], [-116.50384183113499, 53.69953571913625], [-116.50399071799299, 53.69952813920815], [-116.5041255837994, 53.69953215614465], [-116.50420693590675, 53.69951971353327], [-116.50426844131592, 53.699490388661445], [-116.5042910631137, 53.69945013113791], [-116.50427480290959, 53.699398940964834], [-116.50422518115782, 53.69935673550384], [-116.50411285648832, 53.69933644355508]]}, "properties": {"OBJECTID": 4645729, "FEATURE_TYPE": 10, "NAME": "", "HWY_NUMBER": " ", "ROAD_CLASS": "OTHER", "GEO_SOURCE": "SPTADD", "GEO_DATE": 1540080000000, "UPDATE_DATE": 1587600000000}}, {"type": "Feature", "id": 4645747, "geometry": {"type": "LineString", "coordinates": [[-116.50276952869575, 53.63779353392378], [-116.50289153115538, 53.63777915384325], [-116.50297000953746, 53.63775675345487], [-116.50308298250621, 53.63769109168263], [-116.5031824614559, 53.63765129580649], [-116.50366940710322, 53.63756380381035], [-116.50412677378121, 53.63745526744047], [-116.50427698076778, 53.63742339987496], [-116.50438457620746, 53.63740919842556], [-116.50450028842286, 53.63742059319826], [-116.50458733924918, 53.63743663060324], [-116.50469062554254, 53.63750385873677], [-116.50479574079722, 53.63762245867767], [-116.50535349570075, 53.63830927808038], [-116.50558458391839, 53.63852480027753], [-116.50573475601706, 53.63869422753545], [-116.50586087900277, 53.638795430650404], [-116.50608171754176, 53.63892542270435], [-116.50648478710465, 53.63911308164792], [-116.50693138802016, 53.63930875702744], [-116.50707821052272, 53.639384000830276], [-116.50714487684856, 53.63943455631597], [-116.50725076709726, 53.63957455936077], [-116.50736862317903, 53.63964588510429], [-116.50746318956365, 53.63967039161385], [-116.50762809694055, 53.63966837849984]]}, "properties": {"OBJECTID": 4645747, "FEATURE_TYPE": 10, "NAME": "", "HWY_NUMBER": " ", "ROAD_CLASS": "OTHER", "GEO_SOURCE": "SPTADD", "GEO_DATE": 1530057600000, "UPDATE_DATE": 1586390400000}}, {"type": "Feature", "id": 4645758, "geometry": {"type": "LineString", "coordinates": [[-116.50762484616524, 53.64173922408426], [-116.50741263225015, 53.64174459824398], [-116.50733435410196, 53.6417397817313], [-116.50725057569785, 53.641717630315135], [-116.50712734895694, 53.641684371899295], [-116.5069704828612, 53.64166604074555], [-116.50665695931013, 53.641635177466625], [-116.50633845294142, 53.64160147493988], [-116.50611306961217, 53.64157820352301], [-116.50598579069874, 53.64156820130286], [-116.50584927004813, 53.64157281998466], [-116.50543005282805, 53.64158969676208], [-116.50530318708527, 53.641591292257836], [-116.50518597790143, 53.641589865056545], [-116.50509763223332, 53.64157647207602], [-116.50501852870462, 53.64154845805502], [-116.50481465247161, 53.641443690119985], [-116.50464328199054, 53.641292099592256]]}, "properties": {"OBJECTID": 4645758, "FEATURE_TYPE": 10, "NAME": "", "HWY_NUMBER": " ", "ROAD_CLASS": "OTHER", "GEO_SOURCE": "SPTADD", "GEO_DATE": 1530057600000, "UPDATE_DATE": 1586390400000}}, {"type": "Feature", "id": 4646337, "geometry": {"type": "LineString", "coordinates": [[-116.50759803202861, 53.701240628441546], [-116.51012474999493, 53.70125642888845], [-116.51091849743216, 53.7012511779411], [-116.51146392131108, 53.70125381370796], [-116.51198546801416, 53.70126150744458], [-116.51278944947191, 53.70131797887671], [-116.51343429116883, 53.70142445273558], [-116.51406064856934, 53.701559299182954], [-116.51460727969207, 53.7017070481602], [-116.51500120724607, 53.70181458816296]]}, "properties": {"OBJECTID": 4646337, "FEATURE_TYPE": 8, "NAME": "", "HWY_NUMBER": "748", "ROAD_CLASS": "SECONDARY", "GEO_SOURCE": "SPTADD", "GEO_DATE": 1378944000000, "UPDATE_DATE": 1453248000000}}, {"type": "Feature", "id": 4646360, "geometry": {"type": "LineString", "coordinates": [[-116.50762525071623, 53.64295757149369], [-116.50762537385603, 53.64299097795435], [-116.50762609375263, 53.643314435482395], [-116.50761468658796, 53.64465815493718]]}, "properties": {"OBJECTID": 4646360, "FEATURE_TYPE": 4, "NAME": "", "HWY_NUMBER": " ", "ROAD_CLASS": "OTHER", "GEO_SOURCE": "20KADD", "GEO_DATE": 484444800000, "UPDATE_DATE": 1453248000000}}, {"type": "Feature", "id": 4646361, "geometry": {"type": "LineString", "coordinates": [[-116.50462599439561, 53.628299744693415], [-116.5045978589829, 53.62847526574505]]}, "properties": {"OBJECTID": 4646361, "FEATURE_TYPE": 10, "NAME": "", "HWY_NUMBER": " ", "ROAD_CLASS": "OTHER", "GEO_SOURCE": "SPTADD", "GEO_DATE": 1413849600000, "UPDATE_DATE": 1584403200000}}, {"type": "Feature", "id": 4646364, "geometry": {"type": "LineString", "coordinates": [[-116.5959196305728, 53.70135582142057], [-116.5959248545271, 53.70135914397692], [-116.59612256328573, 53.70151846723026], [-116.59638151843124, 53.7017271314749], [-116.59658628039553, 53.70184940859983], [-116.59675653755951, 53.70193954212763], [-116.59700286728454, 53.70198245866415], [-116.59831871289771, 53.70197486659302], [-116.59856898407396, 53.70199189220374], [-116.59877347419842, 53.70210087848879], [-116.59893600335204, 53.70226548609456], [-116.59996458505368, 53.70352626711736], [-116.60013732550425, 53.70368307107603], [-116.60027399188193, 53.703767046643215], [-116.60102229181118, 53.70413985759716], [-116.60114834635559, 53.704237174863316], [-116.60128283033362, 53.70440878297769], [-116.60140888198941, 53.704566930531435], [-116.60148710829068, 53.704720007745024], [-116.60168352775224, 53.70528254977885], [-116.60180350102375, 53.7056172920858]]}, "properties": {"OBJECTID": 4646364, "FEATURE_TYPE": 4, "NAME": "", "HWY_NUMBER": " ", "ROAD_CLASS": "OTHER", "GEO_SOURCE": "20KADD", "GEO_DATE": 484444800000, "UPDATE_DATE": 1453248000000}}, {"type": "Feature", "id": 4646369, "geometry": {"type": "LineString", "coordinates": [[-116.50215470526281, 53.62827531828011], [-116.50462599439561, 53.628299744693415]]}, "properties": {"OBJECTID": 4646369, "FEATURE_TYPE": 5, "NAME": "Grande Prairie Trail Road", "HWY_NUMBER": " ", "ROAD_CLASS": "OTHER", "GEO_SOURCE": "SPTADD", "GEO_DATE": 1530057600000, "UPDATE_DATE": 1719705600000}}, {"type": "Feature", "id": 4646377, "geometry": {"type": "LineString", "coordinates": [[-116.55025946673148, 53.69018332329916], [-116.55043209987912, 53.6900840283485], [-116.55055419887607, 53.690013798895095], [-116.55071160750443, 53.68992326014656]]}, "properties": {"OBJECTID": 4646377, "FEATURE_TYPE": 4, "NAME": "", "HWY_NUMBER": " ", "ROAD_CLASS": "OTHER", "GEO_SOURCE": "20KADD", "GEO_DATE": 484444800000, "UPDATE_DATE": 1663632000000}}, {"type": "Feature", "id": 4646387, "geometry": {"type": "LineString", "coordinates": [[-116.51500120724607, 53.70181458816296], [-116.51533747853426, 53.70194169824593], [-116.51570396920509, 53.70209766991923], [-116.51614381088386, 53.70234193783682], [-116.51646084838738, 53.702516376902615], [-116.51677022146875, 53.7027563463672], [-116.51712096201221, 53.703031481234426], [-116.51744400058138, 53.70337239931013], [-116.5176446578229, 53.70365538182115], [-116.51783743820313, 53.70399794917652], [-116.51805411526988, 53.7044472846802], [-116.51817529878807, 53.70502869668136], [-116.5183468449109, 53.705894994798996], [-116.51842884153864, 53.70628073201994]]}, "properties": {"OBJECTID": 4646387, "FEATURE_TYPE": 8, "NAME": "", "HWY_NUMBER": "748", "ROAD_CLASS": "SECONDARY", "GEO_SOURCE": "SPTADD", "GEO_DATE": 1378944000000, "UPDATE_DATE": 1453248000000}}, {"type": "Feature", "id": 4646402, "geometry": {"type": "LineString", "coordinates": [[-116.57443416148442, 53.65470802306345], [-116.57567190517668, 53.655063034173445], [-116.57856242060672, 53.65587267880037], [-116.58001560256372, 53.656279686272995], [-116.58123127447467, 53.65659803317687]]}, "properties": {"OBJECTID": 4646402, "FEATURE_TYPE": 5, "NAME": "Grande Prairie Trail Road", "HWY_NUMBER": " ", "ROAD_CLASS": "OTHER", "GEO_SOURCE": "SPTADD", "GEO_DATE": 1413849600000, "UPDATE_DATE": 1719705600000}}, {"type": "Feature", "id": 4646404, "geometry": {"type": "LineString", "coordinates": [[-116.50761468658796, 53.64465815493718], [-116.50762933845178, 53.645658195981305], [-116.50763648814363, 53.64643815461715], [-116.50763728442904, 53.64652500501116]]}, "properties": {"OBJECTID": 4646404, "FEATURE_TYPE": 4, "NAME": "", "HWY_NUMBER": " ", "ROAD_CLASS": "OTHER", "GEO_SOURCE": "SPTADD", "GEO_DATE": 1413849600000, "UPDATE_DATE": 1453248000000}}, {"type": "Feature", "id": 4646408, "geometry": {"type": "LineString", "coordinates": [[-116.57210949146484, 53.637659299150066], [-116.57177757603115, 53.63764628638994], [-116.57078396170253, 53.63766511825359], [-116.57038963395344, 53.63765212122059]]}, "properties": {"OBJECTID": 4646408, "FEATURE_TYPE": 4, "NAME": "", "HWY_NUMBER": " ", "ROAD_CLASS": "OTHER", "GEO_SOURCE": "SPTADD", "GEO_DATE": 1120176000000, "UPDATE_DATE": 1660089600000}}, {"type": "Feature", "id": 4646424, "geometry": {"type": "LineString", "coordinates": [[-116.55270738845256, 53.67874426370331], [-116.55256834067458, 53.678616451637495], [-116.5525289049907, 53.67845743550285]]}, "properties": {"OBJECTID": 4646424, "FEATURE_TYPE": 4, "NAME": "", "HWY_NUMBER": " ", "ROAD_CLASS": "OTHER", "GEO_SOURCE": "SPTADD", "GEO_DATE": 1378944000000, "UPDATE_DATE": 1653091200000}}, {"type": "Feature", "id": 4646428, "geometry": {"type": "LineString", "coordinates": [[-116.56335088217836, 53.64972208627557], [-116.56379741851364, 53.649908160725445], [-116.56430733023672, 53.650109397694465], [-116.56493797757842, 53.650421000450805], [-116.56537733749202, 53.65065514074951], [-116.56597173169128, 53.65095655003944], [-116.5667325062406, 53.65138904863084], [-116.56877314161963, 53.652540711741835]]}, "properties": {"OBJECTID": 4646428, "FEATURE_TYPE": 5, "NAME": "Grande Prairie Trail Road", "HWY_NUMBER": " ", "ROAD_CLASS": "OTHER", "GEO_SOURCE": "SPTADD", "GEO_DATE": 1413849600000, "UPDATE_DATE": 1719705600000}}, {"type": "Feature", "id": 4646429, "geometry": {"type": "LineString", "coordinates": [[-116.53026083272576, 53.66849404969194], [-116.53152073217787, 53.669749124169286], [-116.53163173443335, 53.66986217940338]]}, "properties": {"OBJECTID": 4646429, "FEATURE_TYPE": 4, "NAME": "", "HWY_NUMBER": " ", "ROAD_CLASS": "OTHER", "GEO_SOURCE": "20KADD", "GEO_DATE": 484444800000, "UPDATE_DATE": 1661817600000}}, {"type": "Feature", "id": 4646433, "geometry": {"type": "LineString", "coordinates": [[-116.55315128345947, 53.66061949578262], [-116.55348223708671, 53.66060096594855], [-116.55469237979561, 53.66062070781819], [-116.55557052795479, 53.66061179218616], [-116.55581301229255, 53.66059390175503], [-116.55610490172343, 53.66054868912049], [-116.55664692755263, 53.660319739320464]]}, "properties": {"OBJECTID": 4646433, "FEATURE_TYPE": 4, "NAME": "", "HWY_NUMBER": " ", "ROAD_CLASS": "OTHER", "GEO_SOURCE": "SPTADD", "GEO_DATE": 1413849600000, "UPDATE_DATE": 1661817600000}}, {"type": "Feature", "id": 4646436, "geometry": {"type": "LineString", "coordinates": [[-116.60570532241636, 53.650253811063635], [-116.605718664376, 53.652333166325555]]}, "properties": {"OBJECTID": 4646436, "FEATURE_TYPE": 4, "NAME": "", "HWY_NUMBER": " ", "ROAD_CLASS": "OTHER", "GEO_SOURCE": "SPTADD", "GEO_DATE": 1413849600000, "UPDATE_DATE": 1453248000000}}, {"type": "Feature", "id": 4646438, "geometry": {"type": "LineString", "coordinates": [[-116.60565973173938, 53.62870713061739], [-116.60566676849487, 53.630473766121675], [-116.60568365425512, 53.631972582600106], [-116.6056799257822, 53.633192092844475], [-116.60569475984805, 53.633846237347086], [-116.60569278919756, 53.63403646185195]]}, "properties": {"OBJECTID": 4646438, "FEATURE_TYPE": 5, "NAME": "", "HWY_NUMBER": " ", "ROAD_CLASS": "OTHER", "GEO_SOURCE": "20KADD", "GEO_DATE": 484444800000, "UPDATE_DATE": 1660521600000}}, {"type": "Feature", "id": 4646559, "geometry": {"type": "LineString", "coordinates": [[-116.50759803202861, 53.701240628441546], [-116.5075986141177, 53.70192126724799], [-116.50755325957219, 53.70200739379457], [-116.50748264512727, 53.70205111119601], [-116.50735523739449, 53.70207650802406], [-116.50719525471753, 53.702088039296015], [-116.506947095448, 53.702100678843365], [-116.504572969434, 53.702092453857546], [-116.50320272189558, 53.7021239342439], [-116.50220070561764, 53.702136505151856], [-116.50177601993504, 53.70214658959868], [-116.50167092301268, 53.70215137759997]]}, "properties": {"OBJECTID": 4646559, "FEATURE_TYPE": 4, "NAME": "", "HWY_NUMBER": " ", "ROAD_CLASS": "OTHER", "GEO_SOURCE": "SPTADD", "GEO_DATE": 1378944000000, "UPDATE_DATE": 1456790400000}}, {"type": "Feature", "id": 4646563, "geometry": {"type": "LineString", "coordinates": [[-116.60501384488211, 53.67129173093739], [-116.60461016861719, 53.67171446980617], [-116.6042227728852, 53.67206467592305], [-116.60389811735632, 53.672232253742976], [-116.60207872976602, 53.673093046270125], [-116.59941997163901, 53.674522648569344], [-116.59857705407573, 53.67498900260706], [-116.59778466917409, 53.675427384180885], [-116.59636316243883, 53.67646865246679], [-116.59560194831646, 53.67699581908118], [-116.59481237798515, 53.6775426034684], [-116.59271533017485, 53.67916549531267], [-116.59242962660562, 53.679386587448995], [-116.59138373199217, 53.680142748585894], [-116.58963583726344, 53.68140636305817], [-116.58844106045515, 53.68224316017571], [-116.58821574229502, 53.68248988036853], [-116.58804011829746, 53.68268218352025], [-116.5878437199728, 53.68301006638004]]}, "properties": {"OBJECTID": 4646563, "FEATURE_TYPE": 4, "NAME": "", "HWY_NUMBER": " ", "ROAD_CLASS": "OTHER", "GEO_SOURCE": "SPTADD", "GEO_DATE": 1378944000000, "UPDATE_DATE": 1663027200000}}, {"type": "Feature", "id": 4665166, "geometry": {"type": "LineString", "coordinates": [[-116.6608224117962, 53.62850545740933], [-116.65476443310096, 53.628470832648006]]}, "properties": {"OBJECTID": 4665166, "FEATURE_TYPE": 4, "NAME": "", "HWY_NUMBER": " ", "ROAD_CLASS": "OTHER", "GEO_SOURCE": "SPTADD", "GEO_DATE": 1530057600000, "UPDATE_DATE": 1578268800000}}, {"type": "Feature", "id": 4665509, "geometry": {"type": "LineString", "coordinates": [[-116.64412224062309, 53.62705559704373], [-116.64440193986933, 53.62699166713867], [-116.64458989828645, 53.62700301745448], [-116.64476277886277, 53.62702850872631], [-116.644952182062, 53.62707699482149], [-116.64518189287627, 53.62715743864133], [-116.64539725221498, 53.62727059057191], [-116.64562877282398, 53.62739745301807], [-116.64576405608217, 53.62746061604858], [-116.64591459661457, 53.62751427914219], [-116.64611889728387, 53.62754398131608], [-116.64633082735155, 53.62756893231306], [-116.64655765298889, 53.627575100790395], [-116.64693230915238, 53.627565301404516], [-116.6472365013608, 53.62755182577004], [-116.64753306733787, 53.627543098426386], [-116.64784416462263, 53.627506303998395], [-116.64809951133529, 53.62744240937295], [-116.64824408404333, 53.62734288368219], [-116.64828569148213, 53.627207619778886], [-116.64825647532521, 53.62705939818473], [-116.64812266602695, 53.62683366053279], [-116.64795433645965, 53.62672450993983], [-116.64773152672895, 53.626620754213505], [-116.64716949922675, 53.626433421918605], [-116.64689893565412, 53.62630709973875], [-116.6465562856652, 53.62613532352272], [-116.64626938530863, 53.62599064660121], [-116.64609072626374, 53.62581661303896], [-116.64598397299075, 53.62568339053621], [-116.64593224231912, 53.62555870024691], [-116.64587071676596, 53.62538305529521], [-116.64589743372314, 53.62526657511677], [-116.6459775489898, 53.625116849254916], [-116.64618480726482, 53.62482139453054], [-116.64622623832172, 53.624681489664596], [-116.6463448498338, 53.62451729992527], [-116.64644784486559, 53.624353324912676], [-116.64657769770275, 53.62427722675562], [-116.64677583919025, 53.62414909849574], [-116.64700882732716, 53.62411338089358], [-116.64733060055708, 53.624150752261784], [-116.64762931125907, 53.62419772935393], [-116.64805386330916, 53.62426619583714], [-116.64846442803515, 53.62437665381597], [-116.64894708097825, 53.624532561517704], [-116.6492554141384, 53.624625847288904], [-116.64940013245571, 53.62473067650526], [-116.64965034625664, 53.62493623102582], [-116.64988222719882, 53.62507236937968], [-116.65012210172566, 53.62521304204976], [-116.65035962138401, 53.62529336737601], [-116.65084937487785, 53.625430592346106], [-116.65143356305182, 53.62558509032787], [-116.65174826837782, 53.62564112555944], [-116.65204935167264, 53.62574843741194], [-116.65236023963178, 53.62590670343395], [-116.65262645522188, 53.6261213190486]]}, "properties": {"OBJECTID": 4665509, "FEATURE_TYPE": 14, "NAME": "", "HWY_NUMBER": " ", "ROAD_CLASS": "OTHER", "GEO_SOURCE": "SPTADD", "GEO_DATE": 1530057600000, "UPDATE_DATE": 1583712000000}}, {"type": "Feature", "id": 4665510, "geometry": {"type": "LineString", "coordinates": [[-116.60565973173938, 53.62870713061739], [-116.60561543248258, 53.628594702097374], [-116.6055327053154, 53.62852442814472], [-116.60540087179668, 53.62847860867333], [-116.60517815770854, 53.628444220613474], [-116.60383288070791, 53.62844667684717], [-116.60160731592863, 53.62843441881195], [-116.601360025936, 53.62843305422022], [-116.5991320554644, 53.62842649386544], [-116.59587314702658, 53.628418064930415], [-116.59361301643142, 53.62842413412053], [-116.59196847799988, 53.62842852414528], [-116.58567846267113, 53.62842894150758], [-116.58491758892356, 53.628421563748155]]}, "properties": {"OBJECTID": 4665510, "FEATURE_TYPE": 5, "NAME": "", "HWY_NUMBER": " ", "ROAD_CLASS": "OTHER", "GEO_SOURCE": "SPTADD", "GEO_DATE": 1530057600000, "UPDATE_DATE": 1583712000000}}, {"type": "Feature", "id": 4665513, "geometry": {"type": "LineString", "coordinates": [[-116.64438019855146, 53.62846268072715], [-116.64430037675953, 53.628449527786145], [-116.64423045012536, 53.62842911445215], [-116.6441718844962, 53.628401747056266], [-116.64414300143068, 53.628369996867555], [-116.64412993554843, 53.628340104099415], [-116.64412751759492, 53.62833457054375], [-116.6441086960747, 53.62829151170019], [-116.64412224062309, 53.62705559704373]]}, "properties": {"OBJECTID": 4665513, "FEATURE_TYPE": 4, "NAME": "", "HWY_NUMBER": " ", "ROAD_CLASS": "OTHER", "GEO_SOURCE": "SPTADD", "GEO_DATE": 1413849600000, "UPDATE_DATE": 1583712000000}}, {"type": "Feature", "id": 4665514, "geometry": {"type": "LineString", "coordinates": [[-116.65476443310096, 53.628470832648006], [-116.6519142067439, 53.62845832624294], [-116.64953441172523, 53.62846072920062], [-116.64912226088943, 53.62846114018317], [-116.64686088173062, 53.628468485219365], [-116.64448259115638, 53.628462865579785], [-116.64438019855146, 53.62846268072715]]}, "properties": {"OBJECTID": 4665514, "FEATURE_TYPE": 4, "NAME": "", "HWY_NUMBER": " ", "ROAD_CLASS": "OTHER", "GEO_SOURCE": "SPTADD", "GEO_DATE": 1413849600000, "UPDATE_DATE": 1583712000000}}, {"type": "Feature", "id": 4665532, "geometry": {"type": "LineString", "coordinates": [[-116.58491758892356, 53.628421563748155], [-116.58115149496643, 53.62838497535358]]}, "properties": {"OBJECTID": 4665532, "FEATURE_TYPE": 5, "NAME": "", "HWY_NUMBER": " ", "ROAD_CLASS": "OTHER", "GEO_SOURCE": "SPTADD", "GEO_DATE": 1530057600000, "UPDATE_DATE": 1583712000000}}, {"type": "Feature", "id": 4665551, "geometry": {"type": "LineString", "coordinates": [[-116.58115149496643, 53.62838497535358], [-116.56920107767576, 53.62837862902347], [-116.56695761391619, 53.628377305082964], [-116.56651912323903, 53.62837863791187]]}, "properties": {"OBJECTID": 4665551, "FEATURE_TYPE": 5, "NAME": "", "HWY_NUMBER": " ", "ROAD_CLASS": "OTHER", "GEO_SOURCE": "SPTADD", "GEO_DATE": 1530057600000, "UPDATE_DATE": 1584057600000}}, {"type": "Feature", "id": 4665553, "geometry": {"type": "LineString", "coordinates": [[-116.55659456316205, 53.62837767820179], [-116.55175774408802, 53.62836526451412]]}, "properties": {"OBJECTID": 4665553, "FEATURE_TYPE": 5, "NAME": "", "HWY_NUMBER": " ", "ROAD_CLASS": "OTHER", "GEO_SOURCE": "SPTADD", "GEO_DATE": 1530057600000, "UPDATE_DATE": 1584057600000}}, {"type": "Feature", "id": 4665554, "geometry": {"type": "LineString", "coordinates": [[-116.55175774408802, 53.62836526451412], [-116.5517487267871, 53.62805199242245], [-116.55172004640913, 53.62791814296573], [-116.55155038009076, 53.627828506517474], [-116.55104527009047, 53.627665510488036], [-116.5506491395215, 53.62755761451694], [-116.55038237968552, 53.62741272026677], [-116.5502088357348, 53.62721716793483], [-116.55017783136839, 53.62701976824383], [-116.55026379734038, 53.62677140420745], [-116.55052741681993, 53.62650660958459]]}, "properties": {"OBJECTID": 4665554, "FEATURE_TYPE": 10, "NAME": "", "HWY_NUMBER": " ", "ROAD_CLASS": "OTHER", "GEO_SOURCE": "SPTADD", "GEO_DATE": 1530057600000, "UPDATE_DATE": 1584057600000}}, {"type": "Feature", "id": 4665556, "geometry": {"type": "LineString", "coordinates": [[-116.53208550524923, 53.63026032053378], [-116.53033400512733, 53.6300686464356], [-116.5286399801437, 53.62990966224674], [-116.5274651544441, 53.62979085918443], [-116.5261543703714, 53.62964701876934], [-116.52566748885529, 53.629566254851014], [-116.5248514686106, 53.62940940223769], [-116.52365770561609, 53.629076720845106], [-116.52272487235095, 53.628800919015404], [-116.52192945225607, 53.62859026257434], [-116.52124846005955, 53.62843166839113], [-116.52076208253493, 53.62836425893169], [-116.52016344997239, 53.62830496329752], [-116.51922805373545, 53.628270009724055], [-116.51739341413128, 53.62826652400164], [-116.51551900501954, 53.628275547299644], [-116.51483904021501, 53.628278812986835]]}, "properties": {"OBJECTID": 4665556, "FEATURE_TYPE": 5, "NAME": "Grande Prairie Trail Road", "HWY_NUMBER": " ", "ROAD_CLASS": "OTHER", "GEO_SOURCE": "SPTADD", "GEO_DATE": 1530057600000, "UPDATE_DATE": 1719705600000}}, {"type": "Feature", "id": 4665580, "geometry": {"type": "LineString", "coordinates": [[-116.55661777666444, 53.627020073551186], [-116.55661698944094, 53.62711113852949]]}, "properties": {"OBJECTID": 4665580, "FEATURE_TYPE": 4, "NAME": "", "HWY_NUMBER": " ", "ROAD_CLASS": "OTHER", "GEO_SOURCE": "SPTADD", "GEO_DATE": 1413849600000, "UPDATE_DATE": 1453248000000}}, {"type": "Feature", "id": 4665581, "geometry": {"type": "LineString", "coordinates": [[-116.54943674554312, 53.62837910693588], [-116.54918264742673, 53.628402744015936], [-116.54891835352888, 53.62843773763407], [-116.54853021527441, 53.6284962968604], [-116.54796333776774, 53.62859285839993], [-116.54574777051815, 53.62903194316584], [-116.54303505631921, 53.629560677306415]]}, "properties": {"OBJECTID": 4665581, "FEATURE_TYPE": 5, "NAME": "", "HWY_NUMBER": " ", "ROAD_CLASS": "OTHER", "GEO_SOURCE": "SPTADD", "GEO_DATE": 1530057600000, "UPDATE_DATE": 1584057600000}}, {"type": "Feature", "id": 4665582, "geometry": {"type": "LineString", "coordinates": [[-116.55175774408802, 53.62836526451412], [-116.55090688128142, 53.628358448764736], [-116.54981574230875, 53.62834878889824], [-116.54943674554312, 53.62837910693588]]}, "properties": {"OBJECTID": 4665582, "FEATURE_TYPE": 5, "NAME": "", "HWY_NUMBER": " ", "ROAD_CLASS": "OTHER", "GEO_SOURCE": "SPTADD", "GEO_DATE": 1530057600000, "UPDATE_DATE": 1584057600000}}, {"type": "Feature", "id": 4665583, "geometry": {"type": "LineString", "coordinates": [[-116.56390539184501, 53.62838631865456], [-116.56091203478742, 53.628364948908505], [-116.55979918911993, 53.62835335645814], [-116.55659456316205, 53.62837767820179]]}, "properties": {"OBJECTID": 4665583, "FEATURE_TYPE": 5, "NAME": "", "HWY_NUMBER": " ", "ROAD_CLASS": "OTHER", "GEO_SOURCE": "SPTADD", "GEO_DATE": 1530057600000, "UPDATE_DATE": 1584057600000}}, {"type": "Feature", "id": 4666007, "geometry": {"type": "LineString", "coordinates": [[-116.50762423282882, 53.641798103447414], [-116.50742216295359, 53.64179232356544], [-116.5073342694057, 53.64180725801629], [-116.50715946785668, 53.64186477131961], [-116.50674552086893, 53.642005402549], [-116.5065030171412, 53.64207698135956], [-116.50636030555353, 53.64211732309566], [-116.50623844291003, 53.64213598823327], [-116.50607274601158, 53.642138073159664], [-116.50516378804937, 53.64211524305119]]}, "properties": {"OBJECTID": 4666007, "FEATURE_TYPE": 14, "NAME": "", "HWY_NUMBER": " ", "ROAD_CLASS": "OTHER", "GEO_SOURCE": "SPTADD", "GEO_DATE": 1530057600000, "UPDATE_DATE": 1586131200000}}, {"type": "Feature", "id": 4666008, "geometry": {"type": "LineString", "coordinates": [[-116.50516378804937, 53.64211524305119], [-116.50501188991046, 53.64210002137768], [-116.50461367462178, 53.64204935025627], [-116.50437532458207, 53.642035214437485], [-116.50412992354363, 53.64202544920134], [-116.50393632240994, 53.642053579232524], [-116.50358666424603, 53.64215219579027], [-116.50337282054822, 53.64221912575619], [-116.50311392206501, 53.64223522627187], [-116.50284122515858, 53.64226863018033], [-116.50258907460476, 53.64227179567807], [-116.50231744217082, 53.64233516579614], [-116.50213271549036, 53.64241029389138], [-116.50193525436961, 53.642532692959726], [-116.50167295220912, 53.642655905157], [-116.50153895994858, 53.64273896163601], [-116.50142475314175, 53.6427703749672], [-116.50130243165754, 53.642776191652985], [-116.50066874935581, 53.642792703498074]]}, "properties": {"OBJECTID": 4666008, "FEATURE_TYPE": 14, "NAME": "", "HWY_NUMBER": " ", "ROAD_CLASS": "OTHER", "GEO_SOURCE": "SPTADD", "GEO_DATE": 1530057600000, "UPDATE_DATE": 1586390400000}}, {"type": "Feature", "id": 4666017, "geometry": {"type": "LineString", "coordinates": [[-116.50515264626229, 53.644455752449836], [-116.50537879776203, 53.64446303737627], [-116.50577763673607, 53.64447706534771], [-116.50598884704644, 53.64449941414676], [-116.50624360827521, 53.64456288981078], [-116.50641424093561, 53.644627424588684], [-116.50662545231383, 53.64464977225648], [-116.50701148738572, 53.64465741489287], [-116.50713786628522, 53.64465850457478]]}, "properties": {"OBJECTID": 4666017, "FEATURE_TYPE": 4, "NAME": "", "HWY_NUMBER": " ", "ROAD_CLASS": "OTHER", "GEO_SOURCE": "SPTADD", "GEO_DATE": 1120176000000, "UPDATE_DATE": 1586563200000}}, {"type": "Feature", "id": 4666018, "geometry": {"type": "LineString", "coordinates": [[-116.50765898560364, 53.6500714196337], [-116.50750582430837, 53.65006074034586], [-116.50733605952658, 53.65002120195967], [-116.50712318500332, 53.64995303289936], [-116.50686226998934, 53.64991464137205], [-116.50648245695193, 53.64988608118236], [-116.50606862495431, 53.649887120068364], [-116.50570417091389, 53.64989587293985], [-116.50541699230698, 53.649907819386875], [-116.50516472247952, 53.64991515978583]]}, "properties": {"OBJECTID": 4666018, "FEATURE_TYPE": 14, "NAME": "", "HWY_NUMBER": " ", "ROAD_CLASS": "OTHER", "GEO_SOURCE": "SPTADD", "GEO_DATE": 1530057600000, "UPDATE_DATE": 1586563200000}}, {"type": "Feature", "id": 4666054, "geometry": {"type": "LineString", "coordinates": [[-116.50764121549086, 53.65841547770263], [-116.50839046008517, 53.65862815270044], [-116.50851389057303, 53.65863813997472], [-116.50852302351801, 53.658638879228285], [-116.50868720082582, 53.65865216411116]]}, "properties": {"OBJECTID": 4666054, "FEATURE_TYPE": 4, "NAME": "", "HWY_NUMBER": " ", "ROAD_CLASS": "OTHER", "GEO_SOURCE": "SPTADD", "GEO_DATE": 1530057600000, "UPDATE_DATE": 1661817600000}}, {"type": "Feature", "id": 4666093, "geometry": {"type": "LineString", "coordinates": [[-116.50764121549086, 53.65841547770263], [-116.50764198254562, 53.65860057993886]]}, "properties": {"OBJECTID": 4666093, "FEATURE_TYPE": 4, "NAME": "", "HWY_NUMBER": " ", "ROAD_CLASS": "OTHER", "GEO_SOURCE": "SPTADD", "GEO_DATE": 1399766400000, "UPDATE_DATE": 1587081600000}}, {"type": "Feature", "id": 4666135, "geometry": {"type": "LineString", "coordinates": [[-116.50762484616524, 53.64173922408426], [-116.50762423282882, 53.641798103447414]]}, "properties": {"OBJECTID": 4666135, "FEATURE_TYPE": 4, "NAME": "", "HWY_NUMBER": " ", "ROAD_CLASS": "OTHER", "GEO_SOURCE": "20KADD", "GEO_DATE": 484444800000, "UPDATE_DATE": 1453248000000}}, {"type": "Feature", "id": 4666137, "geometry": {"type": "LineString", "coordinates": [[-116.50762423282882, 53.641798103447414], [-116.50762183992249, 53.64202750850481], [-116.50762525071623, 53.64295757149369]]}, "properties": {"OBJECTID": 4666137, "FEATURE_TYPE": 4, "NAME": "", "HWY_NUMBER": " ", "ROAD_CLASS": "OTHER", "GEO_SOURCE": "20KADD", "GEO_DATE": 484444800000, "UPDATE_DATE": 1453248000000}}, {"type": "Feature", "id": 4666140, "geometry": {"type": "LineString", "coordinates": [[-116.50713786628522, 53.64465850457478], [-116.50740438582694, 53.64466080341035], [-116.50761468658796, 53.64465815493718]]}, "properties": {"OBJECTID": 4666140, "FEATURE_TYPE": 4, "NAME": "", "HWY_NUMBER": " ", "ROAD_CLASS": "OTHER", "GEO_SOURCE": "SPTADD", "GEO_DATE": 1120176000000, "UPDATE_DATE": 1586563200000}}, {"type": "Feature", "id": 4666141, "geometry": {"type": "LineString", "coordinates": [[-116.50763728442904, 53.64652500501116], [-116.50763735801091, 53.64659418522198], [-116.50763873719718, 53.64788774563138], [-116.50764782077022, 53.649125409176364], [-116.50765898560364, 53.6500714196337]]}, "properties": {"OBJECTID": 4666141, "FEATURE_TYPE": 4, "NAME": "", "HWY_NUMBER": " ", "ROAD_CLASS": "OTHER", "GEO_SOURCE": "SPTADD", "GEO_DATE": 1413849600000, "UPDATE_DATE": 1453248000000}}, {"type": "Feature", "id": 4666162, "geometry": {"type": "LineString", "coordinates": [[-116.50761644956498, 53.633077041901394], [-116.50761133645442, 53.6346414261563]]}, "properties": {"OBJECTID": 4666162, "FEATURE_TYPE": 5, "NAME": "", "HWY_NUMBER": " ", "ROAD_CLASS": "OTHER", "GEO_SOURCE": "SPTADD", "GEO_DATE": 1530057600000, "UPDATE_DATE": 1660089600000}}, {"type": "Feature", "id": 4666317, "geometry": {"type": "LineString", "coordinates": [[-116.58469462434468, 53.715883448539095], [-116.58471508445199, 53.71577919573712], [-116.58477511963494, 53.71566894896476], [-116.58489003013665, 53.7155246652902], [-116.58493617293755, 53.71547170760644], [-116.58495790300559, 53.715409556540386], [-116.58497390994343, 53.7151951986723]]}, "properties": {"OBJECTID": 4666317, "FEATURE_TYPE": 10, "NAME": "", "HWY_NUMBER": " ", "ROAD_CLASS": "OTHER", "GEO_SOURCE": "SPTADD", "GEO_DATE": 1530057600000, "UPDATE_DATE": 1590537600000}}, {"type": "Feature", "id": 4666318, "geometry": {"type": "LineString", "coordinates": [[-116.59272707114674, 53.715927451060345], [-116.59237083170017, 53.71545032583222]]}, "properties": {"OBJECTID": 4666318, "FEATURE_TYPE": 14, "NAME": "", "HWY_NUMBER": " ", "ROAD_CLASS": "OTHER", "GEO_SOURCE": "SPTADD", "GEO_DATE": 1530057600000, "UPDATE_DATE": 1590537600000}}, {"type": "Feature", "id": 4666319, "geometry": {"type": "LineString", "coordinates": [[-116.58057399630539, 53.71587636635642], [-116.58084580525798, 53.71617402350271], [-116.5809963866022, 53.71644566709996], [-116.58112693905669, 53.71689488738459], [-116.5810164123827, 53.71793988354706], [-116.58093444593186, 53.719413759112726], [-116.58104311347257, 53.71998220005884], [-116.58118918262892, 53.72021710279326], [-116.58169723544526, 53.72078767237031], [-116.58289104990713, 53.722007866991454]]}, "properties": {"OBJECTID": 4666319, "FEATURE_TYPE": 14, "NAME": "", "HWY_NUMBER": " ", "ROAD_CLASS": "OTHER", "GEO_SOURCE": "20KADD", "GEO_DATE": 484444800000, "UPDATE_DATE": 1590537600000}}, {"type": "Feature", "id": 4666324, "geometry": {"type": "LineString", "coordinates": [[-116.54659233086915, 53.71568227586777], [-116.54659826539896, 53.71583708077935], [-116.54653490991885, 53.71597595086781], [-116.54630111076588, 53.71632004081602], [-116.5456582888686, 53.71708356739946], [-116.54517400092162, 53.71769075050695], [-116.5450811858551, 53.71777315547118], [-116.54493274347156, 53.717831915033265], [-116.54468791478189, 53.71787567604772]]}, "properties": {"OBJECTID": 4666324, "FEATURE_TYPE": 14, "NAME": "", "HWY_NUMBER": " ", "ROAD_CLASS": "OTHER", "GEO_SOURCE": "SPTADD", "GEO_DATE": 1540080000000, "UPDATE_DATE": 1590537600000}}, {"type": "Feature", "id": 4666331, "geometry": {"type": "LineString", "coordinates": [[-116.6171476482552, 53.71564971489187], [-116.61705781391751, 53.71578835524209], [-116.61696779569675, 53.71590304960209]]}, "properties": {"OBJECTID": 4666331, "FEATURE_TYPE": 4, "NAME": "", "HWY_NUMBER": " ", "ROAD_CLASS": "OTHER", "GEO_SOURCE": "SPTADD", "GEO_DATE": 1378944000000, "UPDATE_DATE": 1590537600000}}, {"type": "Feature", "id": 4666335, "geometry": {"type": "LineString", "coordinates": [[-116.59272707114674, 53.715927451060345], [-116.59292065980608, 53.71595589293431], [-116.59322329690927, 53.71600387385896], [-116.59346444475986, 53.716059384312814], [-116.5938751040535, 53.71616210314506], [-116.59443611373595, 53.71635926570544], [-116.5948032448331, 53.716520935986914], [-116.59518821386763, 53.716729956705315], [-116.59598564409242, 53.7172380445897], [-116.59704636188826, 53.71791869301783], [-116.59771246830545, 53.71834762022408], [-116.5985662729895, 53.71885969749554], [-116.59911852002516, 53.719247308072184], [-116.5991901541567, 53.719320144697285], [-116.59932853287674, 53.71946084702495]]}, "properties": {"OBJECTID": 4666335, "FEATURE_TYPE": 5, "NAME": "Amoco Road", "HWY_NUMBER": " ", "ROAD_CLASS": "OTHER", "GEO_SOURCE": "OPHADD", "GEO_DATE": 1000425600000, "UPDATE_DATE": 1719705600000}}, {"type": "Feature", "id": 4666336, "geometry": {"type": "LineString", "coordinates": [[-116.58057399630539, 53.71587636635642], [-116.58073026316956, 53.71587549512867], [-116.58105673403429, 53.71587367603416], [-116.58289997206553, 53.71588478580232], [-116.58469462434468, 53.715883448539095]]}, "properties": {"OBJECTID": 4666336, "FEATURE_TYPE": 5, "NAME": "Amoco Road", "HWY_NUMBER": " ", "ROAD_CLASS": "OTHER", "GEO_SOURCE": "OPHADD", "GEO_DATE": 1000425600000, "UPDATE_DATE": 1719705600000}}, {"type": "Feature", "id": 4666337, "geometry": {"type": "LineString", "coordinates": [[-116.58469462434468, 53.715883448539095], [-116.5881997301507, 53.71586302511515], [-116.59004530994989, 53.715874233983456], [-116.59224405496155, 53.71589549630142], [-116.5925853267586, 53.715906626467024], [-116.59272707114674, 53.715927451060345]]}, "properties": {"OBJECTID": 4666337, "FEATURE_TYPE": 5, "NAME": "Amoco Road", "HWY_NUMBER": " ", "ROAD_CLASS": "OTHER", "GEO_SOURCE": "OPHADD", "GEO_DATE": 1000425600000, "UPDATE_DATE": 1719705600000}}, {"type": "Feature", "id": 4666338, "geometry": {"type": "LineString", "coordinates": [[-116.53980027322893, 53.7159063001077], [-116.54037101549146, 53.71590821550743], [-116.54073897672501, 53.71590944859], [-116.5429479897021, 53.71591684867177], [-116.54542022970313, 53.71581596407462], [-116.54596361018928, 53.71577307391079], [-116.54606082966201, 53.71574813189287], [-116.54622245900991, 53.715732982701816], [-116.54637160417246, 53.71571900255056], [-116.5463823478768, 53.715717214563504], [-116.54659233086915, 53.71568227586777]]}, "properties": {"OBJECTID": 4666338, "FEATURE_TYPE": 5, "NAME": "Amoco Road", "HWY_NUMBER": " ", "ROAD_CLASS": "OTHER", "GEO_SOURCE": "OPHADD", "GEO_DATE": 1000425600000, "UPDATE_DATE": 1719705600000}}, {"type": "Feature", "id": 4666526, "geometry": {"type": "LineString", "coordinates": [[-116.5028970067237, 53.70113813635616], [-116.50309234747755, 53.70116613870426], [-116.50344101260487, 53.701200420532196], [-116.50375666093147, 53.701222229051304], [-116.50420254344316, 53.70124240219407], [-116.50471256843643, 53.701255776839915], [-116.50536447878306, 53.701247133079065], [-116.50725308754913, 53.70122982469979], [-116.50759803202861, 53.701240628441546]]}, "properties": {"OBJECTID": 4666526, "FEATURE_TYPE": 8, "NAME": "", "HWY_NUMBER": "748", "ROAD_CLASS": "SECONDARY", "GEO_SOURCE": "SPTADD", "GEO_DATE": 1540080000000, "UPDATE_DATE": 1587600000000}}, {"type": "Feature", "id": 4679746, "geometry": {"type": "LineString", "coordinates": [[-116.51483904021501, 53.628278812986835], [-116.51409793680008, 53.628280140500024]]}, "properties": {"OBJECTID": 4679746, "FEATURE_TYPE": 5, "NAME": "Grande Prairie Trail Road", "HWY_NUMBER": " ", "ROAD_CLASS": "OTHER", "GEO_SOURCE": "SPTADD", "GEO_DATE": 1120176000000, "UPDATE_DATE": 1719705600000}}, {"type": "Feature", "id": 4679747, "geometry": {"type": "LineString", "coordinates": [[-116.51409814094694, 53.629819337469065], [-116.51410350908583, 53.63012648584857]]}, "properties": {"OBJECTID": 4679747, "FEATURE_TYPE": 4, "NAME": "", "HWY_NUMBER": " ", "ROAD_CLASS": "OTHER", "GEO_SOURCE": "SPTADD", "GEO_DATE": 1120176000000, "UPDATE_DATE": 1660089600000}}, {"type": "Feature", "id": 4679748, "geometry": {"type": "LineString", "coordinates": [[-116.60569278919756, 53.63403646185195], [-116.60638222599621, 53.634027366898884]]}, "properties": {"OBJECTID": 4679748, "FEATURE_TYPE": 14, "NAME": "", "HWY_NUMBER": "", "ROAD_CLASS": "OTHER", "GEO_SOURCE": "SPTADD", "GEO_DATE": 1621555200000, "UPDATE_DATE": 1660521600000}}, {"type": "Feature", "id": 4679749, "geometry": {"type": "LineString", "coordinates": [[-116.60569278919756, 53.63403646185195], [-116.60568403242632, 53.63488143466328], [-116.6056668464554, 53.63627363344587], [-116.60567115898881, 53.637177759071186], [-116.60567821364779, 53.63752276870351]]}, "properties": {"OBJECTID": 4679749, "FEATURE_TYPE": 5, "NAME": "", "HWY_NUMBER": " ", "ROAD_CLASS": "OTHER", "GEO_SOURCE": "20KADD", "GEO_DATE": 484444800000, "UPDATE_DATE": 1660521600000}}, {"type": "Feature", "id": 4679750, "geometry": {"type": "LineString", "coordinates": [[-116.55659456316205, 53.62837767820179], [-116.55664037260694, 53.62888481517503]]}, "properties": {"OBJECTID": 4679750, "FEATURE_TYPE": 14, "NAME": "", "HWY_NUMBER": "", "ROAD_CLASS": "OTHER", "GEO_SOURCE": "SPTADD", "GEO_DATE": 1621555200000, "UPDATE_DATE": 1660089600000}}, {"type": "Feature", "id": 4679751, "geometry": {"type": "LineString", "coordinates": [[-116.56651912323903, 53.62837863791187], [-116.56392807316729, 53.628386480012885], [-116.56390539184501, 53.62838631865456]]}, "properties": {"OBJECTID": 4679751, "FEATURE_TYPE": 5, "NAME": "", "HWY_NUMBER": " ", "ROAD_CLASS": "OTHER", "GEO_SOURCE": "SPTADD", "GEO_DATE": 1530057600000, "UPDATE_DATE": 1584057600000}}, {"type": "Feature", "id": 4679759, "geometry": {"type": "LineString", "coordinates": [[-116.65920002955853, 53.64805281736698], [-116.65898954807847, 53.647845175914675], [-116.65870423047949, 53.647718260466235], [-116.65847848738245, 53.64757862188808]]}, "properties": {"OBJECTID": 4679759, "FEATURE_TYPE": 4, "NAME": "", "HWY_NUMBER": "", "ROAD_CLASS": "OTHER", "GEO_SOURCE": "SPTADD", "GEO_DATE": 1621555200000, "UPDATE_DATE": 1661212800000}}, {"type": "Feature", "id": 4679760, "geometry": {"type": "LineString", "coordinates": [[-116.65897688496806, 53.65419384140823], [-116.65868428314334, 53.65418822118416], [-116.65839727620671, 53.65418270709628], [-116.65801837034591, 53.65422364679731], [-116.65767996348467, 53.65427592243545], [-116.65746305196112, 53.65436220702144]]}, "properties": {"OBJECTID": 4679760, "FEATURE_TYPE": 4, "NAME": "", "HWY_NUMBER": "", "ROAD_CLASS": "OTHER", "GEO_SOURCE": "SPTADD", "GEO_DATE": 1621555200000, "UPDATE_DATE": 1661212800000}}, {"type": "Feature", "id": 4679761, "geometry": {"type": "LineString", "coordinates": [[-116.65788568843233, 53.65111506787572], [-116.65802253755018, 53.651059903299405]]}, "properties": {"OBJECTID": 4679761, "FEATURE_TYPE": 4, "NAME": "", "HWY_NUMBER": " ", "ROAD_CLASS": "OTHER", "GEO_SOURCE": "20KADD", "GEO_DATE": 484444800000, "UPDATE_DATE": 1661212800000}}, {"type": "Feature", "id": 4679762, "geometry": {"type": "LineString", "coordinates": [[-116.65788568843233, 53.65111506787572], [-116.6577083933739, 53.651277604152014], [-116.65755546593769, 53.651478125286516], [-116.65740570772678, 53.651759433733176], [-116.65739193120294, 53.65203885932327], [-116.65742558720814, 53.65226619001308], [-116.65756188877027, 53.65258762743519], [-116.65769559743566, 53.652842965830175], [-116.65801676572748, 53.65314714597833], [-116.65837761986681, 53.65351691027678], [-116.65873819197441, 53.6538793282064], [-116.65897688496806, 53.65419384140823]]}, "properties": {"OBJECTID": 4679762, "FEATURE_TYPE": 4, "NAME": "", "HWY_NUMBER": " ", "ROAD_CLASS": "OTHER", "GEO_SOURCE": "SPTADD", "GEO_DATE": 1413849600000, "UPDATE_DATE": 1661212800000}}, {"type": "Feature", "id": 4679765, "geometry": {"type": "LineString", "coordinates": [[-116.60571879507351, 53.6487411271014], [-116.60539004415466, 53.64875150612881], [-116.60505845720776, 53.64872026087826], [-116.60453606095645, 53.64867372750223], [-116.60381284891685, 53.64861203667778], [-116.603180153768, 53.64856102621331], [-116.6025872618658, 53.64850353061029], [-116.60192477239467, 53.64845886133369], [-116.60138304486905, 53.64843041791381], [-116.60120336984438, 53.648444718392206], [-116.60094521697609, 53.6485017088929], [-116.60062814686253, 53.64858922859443]]}, "properties": {"OBJECTID": 4679765, "FEATURE_TYPE": 10, "NAME": "", "HWY_NUMBER": "", "ROAD_CLASS": "OTHER", "GEO_SOURCE": "SPTADD", "GEO_DATE": 1621555200000, "UPDATE_DATE": 1661212800000}}, {"type": "Feature", "id": 4679766, "geometry": {"type": "LineString", "coordinates": [[-116.60202782110397, 53.65124340753837], [-116.60194704883396, 53.651159211539195], [-116.60189182783598, 53.65102313329966], [-116.60174454094086, 53.650497397994336], [-116.60172234733467, 53.65039510183087], [-116.60167737722898, 53.650333095472725], [-116.60079551123161, 53.649117088974364], [-116.60072453066273, 53.64901921043653], [-116.60065830766277, 53.648965282204784], [-116.60039394518739, 53.64874999710315]]}, "properties": {"OBJECTID": 4679766, "FEATURE_TYPE": 10, "NAME": "", "HWY_NUMBER": "", "ROAD_CLASS": "OTHER", "GEO_SOURCE": "SPTADD", "GEO_DATE": 1621814400000, "UPDATE_DATE": 1661212800000}}, {"type": "Feature", "id": 4679767, "geometry": {"type": "LineString", "coordinates": [[-116.60045589095768, 53.65357244990509], [-116.60061044978083, 53.653422298008394], [-116.60056965026308, 53.653285335720994], [-116.59987395153927, 53.65230048635293], [-116.59963341779985, 53.6519599690186]]}, "properties": {"OBJECTID": 4679767, "FEATURE_TYPE": 14, "NAME": "", "HWY_NUMBER": "", "ROAD_CLASS": "OTHER", "GEO_SOURCE": "SPTADD", "GEO_DATE": 1621555200000, "UPDATE_DATE": 1661212800000}}, {"type": "Feature", "id": 4679768, "geometry": {"type": "LineString", "coordinates": [[-116.60571879507351, 53.6487411271014], [-116.60570532241636, 53.650253811063635]]}, "properties": {"OBJECTID": 4679768, "FEATURE_TYPE": 5, "NAME": "", "HWY_NUMBER": " ", "ROAD_CLASS": "OTHER", "GEO_SOURCE": "20KADD", "GEO_DATE": 484444800000, "UPDATE_DATE": 1660521600000}}, {"type": "Feature", "id": 4679769, "geometry": {"type": "LineString", "coordinates": [[-116.60202782110397, 53.65124340753837], [-116.60232165732212, 53.651172650810395], [-116.60500166435419, 53.65038205084497], [-116.60570532241636, 53.650253811063635]]}, "properties": {"OBJECTID": 4679769, "FEATURE_TYPE": 5, "NAME": "", "HWY_NUMBER": " ", "ROAD_CLASS": "OTHER", "GEO_SOURCE": "SPTADD", "GEO_DATE": 1378944000000, "UPDATE_DATE": 1661212800000}}, {"type": "Feature", "id": 4679770, "geometry": {"type": "LineString", "coordinates": [[-116.61185128121282, 53.65382803859004], [-116.61183602711614, 53.653953163453295], [-116.61179780949415, 53.65400126677895], [-116.61166087022487, 53.65408639010114], [-116.61152279496372, 53.65414178659569], [-116.61134378125834, 53.65417393914975], [-116.61098348281949, 53.65417878829967], [-116.61063364648612, 53.65419539256657], [-116.61017417281369, 53.654225367489445], [-116.6098739240884, 53.65422940558609], [-116.60962371676165, 53.6542327700917], [-116.60938238582698, 53.6542062718932], [-116.60906963732276, 53.65414504229172], [-116.60844301267889, 53.65399285205799], [-116.60805794669943, 53.65387310487666], [-116.60776295750001, 53.65375214673936], [-116.60761899738085, 53.65365295459929], [-116.60751529614548, 53.653559170615374], [-116.607470512087, 53.65343485167801], [-116.60747328189473, 53.653244460461195], [-116.60747927239393, 53.65287556891429], [-116.60748752496445, 53.65256613266603], [-116.60748390561363, 53.652471004692835], [-116.60743069932089, 53.652388438630815], [-116.60730726806797, 53.65230185307148]]}, "properties": {"OBJECTID": 4679770, "FEATURE_TYPE": 10, "NAME": "", "HWY_NUMBER": "", "ROAD_CLASS": "OTHER", "GEO_SOURCE": "SPTADD", "GEO_DATE": 1621555200000, "UPDATE_DATE": 1661212800000}}, {"type": "Feature", "id": 4679771, "geometry": {"type": "LineString", "coordinates": [[-116.60730726806797, 53.65230185307148], [-116.60840852788859, 53.652297972981], [-116.60868852137362, 53.65228826264234], [-116.6088393181417, 53.65230408198861], [-116.60895008269951, 53.65232043830491], [-116.60905219902676, 53.652372603449095], [-116.60906515110875, 53.65244976095946], [-116.60904853060114, 53.65253921292672]]}, "properties": {"OBJECTID": 4679771, "FEATURE_TYPE": 10, "NAME": "", "HWY_NUMBER": " ", "ROAD_CLASS": "OTHER", "GEO_SOURCE": "SPTADD", "GEO_DATE": 1413849600000, "UPDATE_DATE": 1453248000000}}, {"type": "Feature", "id": 4679772, "geometry": {"type": "LineString", "coordinates": [[-116.59963341779985, 53.6519599690186], [-116.59968505089887, 53.651945109553225], [-116.60069971577113, 53.65165047008565], [-116.6018615799155, 53.651283438221654], [-116.60191242658001, 53.65127119450346], [-116.60202782110397, 53.65124340753837]]}, "properties": {"OBJECTID": 4679772, "FEATURE_TYPE": 5, "NAME": "", "HWY_NUMBER": " ", "ROAD_CLASS": "OTHER", "GEO_SOURCE": "SPTADD", "GEO_DATE": 1378944000000, "UPDATE_DATE": 1661212800000}}, {"type": "Feature", "id": 4679773, "geometry": {"type": "LineString", "coordinates": [[-116.56381476379224, 53.64692816411378], [-116.56389430987508, 53.647245599983144], [-116.56396887318772, 53.64763722873232], [-116.5641208552567, 53.64795646359668], [-116.56437863211065, 53.648428978043164], [-116.56442966761288, 53.64872573790042], [-116.56439844261715, 53.648964087422925], [-116.56422491440725, 53.6491448111462], [-116.56393217851776, 53.6493508858526], [-116.56335088217836, 53.64972208627557]]}, "properties": {"OBJECTID": 4679773, "FEATURE_TYPE": 4, "NAME": "", "HWY_NUMBER": " ", "ROAD_CLASS": "OTHER", "GEO_SOURCE": "SPTADD", "GEO_DATE": 1413849600000, "UPDATE_DATE": 1453248000000}}, {"type": "Feature", "id": 4679774, "geometry": {"type": "LineString", "coordinates": [[-116.56381476379224, 53.64692816411378], [-116.56373770584237, 53.646260189147945], [-116.563632573676, 53.645583429484425], [-116.56356285532668, 53.64532260393124]]}, "properties": {"OBJECTID": 4679774, "FEATURE_TYPE": 4, "NAME": "", "HWY_NUMBER": "", "ROAD_CLASS": "OTHER", "GEO_SOURCE": "SPTADD", "GEO_DATE": 1340582400000, "UPDATE_DATE": null}}, {"type": "Feature", "id": 4679775, "geometry": {"type": "LineString", "coordinates": [[-116.5310992548305, 53.646148039548876], [-116.53133057668703, 53.646072813691625], [-116.5318575767702, 53.64587236242266], [-116.53210629970317, 53.645714264859166], [-116.53220424123509, 53.64538331692635], [-116.53220400431651, 53.64518036673301]]}, "properties": {"OBJECTID": 4679775, "FEATURE_TYPE": 14, "NAME": "", "HWY_NUMBER": " ", "ROAD_CLASS": "OTHER", "GEO_SOURCE": "SPTADD", "GEO_DATE": 1413849600000, "UPDATE_DATE": 1453248000000}}, {"type": "Feature", "id": 4679776, "geometry": {"type": "LineString", "coordinates": [[-116.53220400431651, 53.64518036673301], [-116.5316809571533, 53.645151847619545], [-116.53144080131543, 53.645154920339344], [-116.53127897293355, 53.64510940233479], [-116.53115415603321, 53.644980131883685], [-116.53114984780058, 53.6448612167473]]}, "properties": {"OBJECTID": 4679776, "FEATURE_TYPE": 10, "NAME": "", "HWY_NUMBER": "", "ROAD_CLASS": "OTHER", "GEO_SOURCE": "SPTADD", "GEO_DATE": 1621555200000, "UPDATE_DATE": 1661212800000}}, {"type": "Feature", "id": 4679777, "geometry": {"type": "LineString", "coordinates": [[-116.53492188223422, 53.64082950315635], [-116.53584503407313, 53.6412795465028], [-116.53747490671729, 53.64205572381308], [-116.5394395610937, 53.642904566880965]]}, "properties": {"OBJECTID": 4679777, "FEATURE_TYPE": 5, "NAME": "Grande Prairie Trail Road", "HWY_NUMBER": " ", "ROAD_CLASS": "OTHER", "GEO_SOURCE": "SPTADD", "GEO_DATE": 1413849600000, "UPDATE_DATE": 1719705600000}}, {"type": "Feature", "id": 4679778, "geometry": {"type": "LineString", "coordinates": [[-116.55661585229494, 53.64860349165694], [-116.55787845889544, 53.64876992456557], [-116.55895154401067, 53.648915876681194], [-116.5597481379594, 53.649007642795596]]}, "properties": {"OBJECTID": 4679778, "FEATURE_TYPE": 5, "NAME": "Grande Prairie Trail Road", "HWY_NUMBER": " ", "ROAD_CLASS": "OTHER", "GEO_SOURCE": "SPTADD", "GEO_DATE": 1413849600000, "UPDATE_DATE": 1719705600000}}, {"type": "Feature", "id": 4679779, "geometry": {"type": "LineString", "coordinates": [[-116.5597481379594, 53.649007642795596], [-116.56061566165114, 53.649135023035335], [-116.56130275077444, 53.64923193851363], [-116.56205074402554, 53.64938099735103], [-116.56241731252796, 53.64946773649865], [-116.56335088217836, 53.64972208627557]]}, "properties": {"OBJECTID": 4679779, "FEATURE_TYPE": 5, "NAME": "Grande Prairie Trail Road", "HWY_NUMBER": " ", "ROAD_CLASS": "OTHER", "GEO_SOURCE": "SPTADD", "GEO_DATE": 1413849600000, "UPDATE_DATE": 1719705600000}}, {"type": "Feature", "id": 4679780, "geometry": {"type": "LineString", "coordinates": [[-116.56877314161963, 53.652540711741835], [-116.5689910186082, 53.65266366807988], [-116.57079436222529, 53.65361133234771], [-116.57129368106342, 53.65380481088159], [-116.57187813086557, 53.65397407275032], [-116.57215773547728, 53.6540550472189], [-116.57443416148442, 53.65470802306345]]}, "properties": {"OBJECTID": 4679780, "FEATURE_TYPE": 5, "NAME": "Grande Prairie Trail Road", "HWY_NUMBER": " ", "ROAD_CLASS": "OTHER", "GEO_SOURCE": "SPTADD", "GEO_DATE": 1413849600000, "UPDATE_DATE": 1719705600000}}, {"type": "Feature", "id": 4679781, "geometry": {"type": "LineString", "coordinates": [[-116.5601560855986, 53.6577161978771], [-116.56010858283521, 53.657514567444466], [-116.5598666020254, 53.65747013220381], [-116.55946754836253, 53.657511021617346], [-116.55794569360363, 53.6575189390108], [-116.55665297747193, 53.6574290111965]]}, "properties": {"OBJECTID": 4679781, "FEATURE_TYPE": 4, "NAME": "", "HWY_NUMBER": "", "ROAD_CLASS": "OTHER", "GEO_SOURCE": "SPTADD", "GEO_DATE": 1621555200000, "UPDATE_DATE": 1661212800000}}, {"type": "Feature", "id": 4679782, "geometry": {"type": "LineString", "coordinates": [[-116.55664692755263, 53.660319739320464], [-116.55658598017925, 53.65918056550314], [-116.55664477878692, 53.65764345019781], [-116.55665297747193, 53.6574290111965]]}, "properties": {"OBJECTID": 4679782, "FEATURE_TYPE": 4, "NAME": "", "HWY_NUMBER": " ", "ROAD_CLASS": "OTHER", "GEO_SOURCE": "SPTADD", "GEO_DATE": 1413849600000, "UPDATE_DATE": 1661817600000}}, {"type": "Feature", "id": 4679783, "geometry": {"type": "LineString", "coordinates": [[-116.58123127447467, 53.65659803317687], [-116.5813060556031, 53.656616995614336], [-116.58179045581376, 53.656726407899995], [-116.58213251466971, 53.65678831681645], [-116.58256446249867, 53.65682424717787], [-116.58295548277215, 53.656836923339974], [-116.58330468493332, 53.65680256275882], [-116.58365165758575, 53.65670874519526], [-116.58421615035365, 53.65654066596997], [-116.58489118401774, 53.65629801072558]]}, "properties": {"OBJECTID": 4679783, "FEATURE_TYPE": 5, "NAME": "", "HWY_NUMBER": " ", "ROAD_CLASS": "OTHER", "GEO_SOURCE": "SPTADD", "GEO_DATE": 1413849600000, "UPDATE_DATE": 1661212800000}}, {"type": "Feature", "id": 4679784, "geometry": {"type": "LineString", "coordinates": [[-116.62797209025449, 53.65831071772953], [-116.62799365391584, 53.65878783987725], [-116.62814524175815, 53.65908320747345], [-116.6282945413177, 53.659319120185756], [-116.62854026795117, 53.65945854337777], [-116.62884559508828, 53.659585258198405], [-116.62952807241486, 53.659623559522906], [-116.63008906225204, 53.65962781934925], [-116.63049569790623, 53.659631568167164], [-116.63061001336247, 53.659632621897615], [-116.63087393161798, 53.65972420462442], [-116.63092302180807, 53.659801150925034], [-116.63100185088477, 53.659924713438365], [-116.6309910153134, 53.66016280438619], [-116.63096759947452, 53.66214994857404], [-116.63098872255432, 53.662696930085716], [-116.63095851022702, 53.66347065711823], [-116.63088761067722, 53.663709565239394], [-116.63097504197732, 53.66389872947826], [-116.63101086222495, 53.664826219324176], [-116.63105109072555, 53.66534914548455]]}, "properties": {"OBJECTID": 4679784, "FEATURE_TYPE": 4, "NAME": "", "HWY_NUMBER": "", "ROAD_CLASS": "OTHER", "GEO_SOURCE": "SPTADD", "GEO_DATE": 1621555200000, "UPDATE_DATE": 1661817600000}}, {"type": "Feature", "id": 4679801, "geometry": {"type": "LineString", "coordinates": [[-116.5981842246244, 53.663386197028935], [-116.59804565124534, 53.66342968642737], [-116.59792620006083, 53.66344912660113], [-116.59778582822261, 53.66344505110967], [-116.59764410693408, 53.663405302694365], [-116.5974570330267, 53.663278907661905], [-116.59742826314758, 53.66325946902144], [-116.59709004729588, 53.66305578193344], [-116.59656079573074, 53.66274135509012]]}, "properties": {"OBJECTID": 4679801, "FEATURE_TYPE": 4, "NAME": "", "HWY_NUMBER": "", "ROAD_CLASS": "OTHER", "GEO_SOURCE": "SPTADD", "GEO_DATE": 1621555200000, "UPDATE_DATE": 1663027200000}}, {"type": "Feature", "id": 4680396, "geometry": {"type": "LineString", "coordinates": [[-116.5676919074107, 53.67438853932975], [-116.56785041579872, 53.67426558712881], [-116.56807880757198, 53.67394137598885]]}, "properties": {"OBJECTID": 4680396, "FEATURE_TYPE": 4, "NAME": "", "HWY_NUMBER": "", "ROAD_CLASS": "OTHER", "GEO_SOURCE": "SPTADD", "GEO_DATE": 1621555200000, "UPDATE_DATE": 1663632000000}}, {"type": "Feature", "id": 4680397, "geometry": {"type": "LineString", "coordinates": [[-116.57429893713547, 53.68250889741192], [-116.57408451384435, 53.68159564538097], [-116.57403247922727, 53.681275109946284], [-116.57396352179673, 53.68103807575587], [-116.57409352847696, 53.680762734848464], [-116.57435886100458, 53.680354748424534], [-116.57470386006038, 53.679933815995284], [-116.57485566355456, 53.679705775839246], [-116.57490776468454, 53.67949094455534], [-116.57485944499346, 53.67936238285928], [-116.57481877546726, 53.67925417423732], [-116.57438974387111, 53.679033771984095], [-116.57377824237382, 53.67875628223057], [-116.57271549046209, 53.6781991879495], [-116.572204595769, 53.677932264808234], [-116.57199767120404, 53.67775652600389], [-116.57179235014567, 53.67735472290999]]}, "properties": {"OBJECTID": 4680397, "FEATURE_TYPE": 4, "NAME": "", "HWY_NUMBER": "", "ROAD_CLASS": "OTHER", "GEO_SOURCE": "SPTADD", "GEO_DATE": 1621555200000, "UPDATE_DATE": 1663632000000}}, {"type": "Feature", "id": 4680398, "geometry": {"type": "LineString", "coordinates": [[-116.56982074067547, 53.67743304371879], [-116.56982624956629, 53.67702062952536], [-116.56977447618219, 53.676706036791295], [-116.56971622672113, 53.67648670552291], [-116.56964973372713, 53.67631507058568], [-116.56948177661731, 53.67610907410926], [-116.56886931554637, 53.67553414552149], [-116.56781952683599, 53.67451285416314], [-116.5676919074107, 53.67438853932975]]}, "properties": {"OBJECTID": 4680398, "FEATURE_TYPE": 4, "NAME": "", "HWY_NUMBER": " ", "ROAD_CLASS": "OTHER", "GEO_SOURCE": "SPTADD", "GEO_DATE": 1378944000000, "UPDATE_DATE": 1661817600000}}, {"type": "Feature", "id": 4680399, "geometry": {"type": "LineString", "coordinates": [[-116.57381927246854, 53.67663212329725], [-116.57369197453856, 53.67671112726861], [-116.57362101657623, 53.676757761387925], [-116.57352572958878, 53.67682038459595], [-116.57321038399236, 53.67696134418207], [-116.57269497990856, 53.677110878610826], [-116.57228884018717, 53.67723518244618], [-116.57179235014567, 53.67735472290999]]}, "properties": {"OBJECTID": 4680399, "FEATURE_TYPE": 4, "NAME": "", "HWY_NUMBER": " ", "ROAD_CLASS": "OTHER", "GEO_SOURCE": "SPTADD", "GEO_DATE": 1120176000000, "UPDATE_DATE": 1663027200000}}, {"type": "Feature", "id": 4680400, "geometry": {"type": "LineString", "coordinates": [[-116.57179235014567, 53.67735472290999], [-116.5715037151945, 53.677406098679064], [-116.57112407064079, 53.67743487508939], [-116.57067344145966, 53.67744078681456], [-116.56986164607527, 53.67743358661033], [-116.56982074067547, 53.67743304371879]]}, "properties": {"OBJECTID": 4680400, "FEATURE_TYPE": 4, "NAME": "", "HWY_NUMBER": " ", "ROAD_CLASS": "OTHER", "GEO_SOURCE": "SPTADD", "GEO_DATE": 1120176000000, "UPDATE_DATE": 1663027200000}}, {"type": "Feature", "id": 4680410, "geometry": {"type": "LineString", "coordinates": [[-116.6327371696726, 53.68667710931645], [-116.63283039575504, 53.68649584269476], [-116.63270008424811, 53.68623588310994]]}, "properties": {"OBJECTID": 4680410, "FEATURE_TYPE": 4, "NAME": "", "HWY_NUMBER": "", "ROAD_CLASS": "OTHER", "GEO_SOURCE": "SPTADD", "GEO_DATE": 1621555200000, "UPDATE_DATE": 1663632000000}}, {"type": "Feature", "id": 4680411, "geometry": {"type": "LineString", "coordinates": [[-116.64346119411084, 53.68671063392778], [-116.64015932133402, 53.68890598254405], [-116.64016570858497, 53.68890987090737], [-116.64067744635385, 53.68922138985098], [-116.64126791429939, 53.68958082738654]]}, "properties": {"OBJECTID": 4680411, "FEATURE_TYPE": 14, "NAME": "", "HWY_NUMBER": "", "ROAD_CLASS": "OTHER", "GEO_SOURCE": "SPTADD", "GEO_DATE": 1621555200000, "UPDATE_DATE": 1663632000000}}, {"type": "Feature", "id": 4680413, "geometry": {"type": "LineString", "coordinates": [[-116.64346119411084, 53.68671063392778], [-116.64591749139784, 53.686663766545855], [-116.64680463589764, 53.68665157011461], [-116.64763507541193, 53.68670259446275], [-116.64806420008713, 53.68674742679108]]}, "properties": {"OBJECTID": 4680413, "FEATURE_TYPE": 4, "NAME": "Grande Prairie Trail Road", "HWY_NUMBER": " ", "ROAD_CLASS": "OTHER", "GEO_SOURCE": "SPTADD", "GEO_DATE": 1378944000000, "UPDATE_DATE": 1719705600000}}, {"type": "Feature", "id": 4680414, "geometry": {"type": "LineString", "coordinates": [[-116.63046137867117, 53.68665299127102], [-116.63060247311408, 53.68665884827901], [-116.63083412080165, 53.68666846493437], [-116.63139735975585, 53.68668647930821], [-116.6327371696726, 53.68667710931645]]}, "properties": {"OBJECTID": 4680414, "FEATURE_TYPE": 4, "NAME": "Grande Prairie Trail Road", "HWY_NUMBER": " ", "ROAD_CLASS": "OTHER", "GEO_SOURCE": "SPTADD", "GEO_DATE": 1378944000000, "UPDATE_DATE": 1719705600000}}, {"type": "Feature", "id": 4680415, "geometry": {"type": "LineString", "coordinates": [[-116.5566164159287, 53.69063955278611], [-116.55647281849998, 53.690664417746824], [-116.5562443879717, 53.690703970607956], [-116.55572349379813, 53.690710738224006]]}, "properties": {"OBJECTID": 4680415, "FEATURE_TYPE": 4, "NAME": "", "HWY_NUMBER": "", "ROAD_CLASS": "OTHER", "GEO_SOURCE": "SPTADD", "GEO_DATE": 1621814400000, "UPDATE_DATE": 1663632000000}}, {"type": "Feature", "id": 4680416, "geometry": {"type": "LineString", "coordinates": [[-116.5566164159287, 53.69063955278611], [-116.55661401656455, 53.69101865839858], [-116.55663000968889, 53.69109633595095], [-116.55668829400858, 53.69113451614386], [-116.55678565585853, 53.6911644067309], [-116.55700964270368, 53.69118745853805], [-116.55729436529587, 53.69119673523325], [-116.55973994610811, 53.69118834830309]]}, "properties": {"OBJECTID": 4680416, "FEATURE_TYPE": 4, "NAME": "", "HWY_NUMBER": " ", "ROAD_CLASS": "OTHER", "GEO_SOURCE": "SPTADD", "GEO_DATE": 1120176000000, "UPDATE_DATE": 1663632000000}}, {"type": "Feature", "id": 4680417, "geometry": {"type": "LineString", "coordinates": [[-116.52158474984249, 53.686711784388216], [-116.52131982246287, 53.68659023199725], [-116.52098692397489, 53.68652902786716], [-116.52084575755607, 53.68652811829602], [-116.5206762014537, 53.686527024979775], [-116.52039574412859, 53.68653058587985], [-116.52035179388666, 53.68653422212663], [-116.52022589439854, 53.686544638851274], [-116.52009019626934, 53.6865900544061]]}, "properties": {"OBJECTID": 4680417, "FEATURE_TYPE": 4, "NAME": "", "HWY_NUMBER": "", "ROAD_CLASS": "OTHER", "GEO_SOURCE": "SPTADD", "GEO_DATE": 1621555200000, "UPDATE_DATE": 1663632000000}}, {"type": "Feature", "id": 4680418, "geometry": {"type": "LineString", "coordinates": [[-116.51486948524129, 53.686957525006164], [-116.5146725547109, 53.68677561417895], [-116.5145220210215, 53.68669734427729], [-116.51431515217062, 53.68658978255527], [-116.51420241072859, 53.68651982675799]]}, "properties": {"OBJECTID": 4680418, "FEATURE_TYPE": 4, "NAME": "", "HWY_NUMBER": "", "ROAD_CLASS": "OTHER", "GEO_SOURCE": "SPTADD", "GEO_DATE": 1621555200000, "UPDATE_DATE": 1663632000000}}, {"type": "Feature", "id": 4680419, "geometry": {"type": "LineString", "coordinates": [[-116.52009019626934, 53.6865900544061], [-116.52000617528958, 53.68656527337423], [-116.51974467943691, 53.68653884975984], [-116.51932313533423, 53.68652040498], [-116.51812052747263, 53.68651781041207], [-116.51696778926535, 53.68650862415664], [-116.51506360678775, 53.686502986902546], [-116.51452566428816, 53.68650253394054], [-116.5141817382046, 53.686502243477086]]}, "properties": {"OBJECTID": 4680419, "FEATURE_TYPE": 4, "NAME": "", "HWY_NUMBER": " ", "ROAD_CLASS": "OTHER", "GEO_SOURCE": "SPTADD", "GEO_DATE": 1120176000000, "UPDATE_DATE": 1663632000000}}, {"type": "Feature", "id": 4680420, "geometry": {"type": "LineString", "coordinates": [[-116.5103848672424, 53.68654893246772], [-116.51048763164549, 53.686473064376024]]}, "properties": {"OBJECTID": 4680420, "FEATURE_TYPE": 4, "NAME": "", "HWY_NUMBER": " ", "ROAD_CLASS": "OTHER", "GEO_SOURCE": "SPTADD", "GEO_DATE": 494726400000, "UPDATE_DATE": 1587427200000}}, {"type": "Feature", "id": 4680421, "geometry": {"type": "LineString", "coordinates": [[-116.51837835187743, 53.7012012727093], [-116.518318192393, 53.700922458370464], [-116.51817085298114, 53.70072802697009]]}, "properties": {"OBJECTID": 4680421, "FEATURE_TYPE": 10, "NAME": "", "HWY_NUMBER": "", "ROAD_CLASS": "OTHER", "GEO_SOURCE": "SPTADD", "GEO_DATE": 1318032000000, "UPDATE_DATE": null}}, {"type": "Feature", "id": 4680422, "geometry": {"type": "LineString", "coordinates": [[-116.5198809757716, 53.7011687651929], [-116.5198646189522, 53.70071844319664]]}, "properties": {"OBJECTID": 4680422, "FEATURE_TYPE": 10, "NAME": "", "HWY_NUMBER": "", "ROAD_CLASS": "OTHER", "GEO_SOURCE": "SPTADD", "GEO_DATE": 1120176000000, "UPDATE_DATE": null}}, {"type": "Feature", "id": 4680423, "geometry": {"type": "LineString", "coordinates": [[-116.52099620556403, 53.70068623432104], [-116.52089724285936, 53.70108598579994], [-116.52088245779403, 53.70114570931109]]}, "properties": {"OBJECTID": 4680423, "FEATURE_TYPE": 10, "NAME": "", "HWY_NUMBER": "", "ROAD_CLASS": "OTHER", "GEO_SOURCE": "SPTADD", "GEO_DATE": 1120176000000, "UPDATE_DATE": null}}, {"type": "Feature", "id": 4680600, "geometry": {"type": "LineString", "coordinates": [[-116.51850953070701, 53.71013417000078], [-116.51922618442993, 53.71006457806307]]}, "properties": {"OBJECTID": 4680600, "FEATURE_TYPE": 14, "NAME": "", "HWY_NUMBER": "", "ROAD_CLASS": "OTHER", "GEO_SOURCE": "SPTADD", "GEO_DATE": 1631145600000, "UPDATE_DATE": 1664236800000}}, {"type": "Feature", "id": 4680601, "geometry": {"type": "LineString", "coordinates": [[-116.51842884153864, 53.70628073201994], [-116.51868075251738, 53.707371923250804], [-116.51910775732834, 53.709484154051395], [-116.51922618442993, 53.71006457806307]]}, "properties": {"OBJECTID": 4680601, "FEATURE_TYPE": 8, "NAME": "", "HWY_NUMBER": "748", "ROAD_CLASS": "SECONDARY", "GEO_SOURCE": "SPTADD", "GEO_DATE": 1378944000000, "UPDATE_DATE": 1453248000000}}, {"type": "Feature", "id": 4680602, "geometry": {"type": "LineString", "coordinates": [[-116.5198809757716, 53.7011687651929], [-116.52088245779403, 53.70114570931109]]}, "properties": {"OBJECTID": 4680602, "FEATURE_TYPE": 4, "NAME": "", "HWY_NUMBER": " ", "ROAD_CLASS": "OTHER", "GEO_SOURCE": "20KADD", "GEO_DATE": 484444800000, "UPDATE_DATE": 1663632000000}}, {"type": "Feature", "id": 4680603, "geometry": {"type": "LineString", "coordinates": [[-116.51837835187743, 53.7012012727093], [-116.5185787492576, 53.701198732167406], [-116.5198809757716, 53.7011687651929]]}, "properties": {"OBJECTID": 4680603, "FEATURE_TYPE": 4, "NAME": "", "HWY_NUMBER": " ", "ROAD_CLASS": "OTHER", "GEO_SOURCE": "20KADD", "GEO_DATE": 484444800000, "UPDATE_DATE": 1663632000000}}, {"type": "Feature", "id": 4680604, "geometry": {"type": "LineString", "coordinates": [[-116.53520254373117, 53.70402049865708], [-116.53333066672208, 53.70184485823225], [-116.53328388964334, 53.70161703580416], [-116.53333703870429, 53.70149072423535], [-116.53325386111128, 53.70132047375208], [-116.53320973966721, 53.70106587142209]]}, "properties": {"OBJECTID": 4680604, "FEATURE_TYPE": 4, "NAME": "", "HWY_NUMBER": " ", "ROAD_CLASS": "OTHER", "GEO_SOURCE": "SPTADD", "GEO_DATE": 1378944000000, "UPDATE_DATE": 1664236800000}}, {"type": "Feature", "id": 4680605, "geometry": {"type": "LineString", "coordinates": [[-116.53872816596906, 53.707800149452254], [-116.53860400492141, 53.70769467186534], [-116.53845194965723, 53.70764903701343], [-116.53796680604617, 53.70754224656855]]}, "properties": {"OBJECTID": 4680605, "FEATURE_TYPE": 4, "NAME": "", "HWY_NUMBER": "", "ROAD_CLASS": "OTHER", "GEO_SOURCE": "SPTADD", "GEO_DATE": 1631145600000, "UPDATE_DATE": 1664236800000}}, {"type": "Feature", "id": 4680606, "geometry": {"type": "LineString", "coordinates": [[-116.53872816596906, 53.707800149452254], [-116.53877154626505, 53.70761518956555], [-116.53877549124539, 53.707448582715564], [-116.53878425204502, 53.70713915039882], [-116.53871804921774, 53.7069734437585], [-116.53864247759628, 53.706825702987075], [-116.53844860621948, 53.706733017403316], [-116.5382366444303, 53.70669410051044], [-116.53780508705206, 53.70668179703418], [-116.5376238415325, 53.706660329377826], [-116.53752422060977, 53.706620012261084], [-116.5374813776414, 53.70660267345227], [-116.53738772026993, 53.70650870072998], [-116.5371019809773, 53.70609597555918], [-116.53635994876736, 53.70526676296455], [-116.53520254373117, 53.70402049865708]]}, "properties": {"OBJECTID": 4680606, "FEATURE_TYPE": 4, "NAME": "", "HWY_NUMBER": " ", "ROAD_CLASS": "OTHER", "GEO_SOURCE": "SPTADD", "GEO_DATE": 1378944000000, "UPDATE_DATE": 1664236800000}}, {"type": "Feature", "id": 4680607, "geometry": {"type": "LineString", "coordinates": [[-116.53963483355675, 53.71590802269466], [-116.53980027322893, 53.7159063001077]]}, "properties": {"OBJECTID": 4680607, "FEATURE_TYPE": 5, "NAME": "Amoco Road", "HWY_NUMBER": " ", "ROAD_CLASS": "OTHER", "GEO_SOURCE": "OPHADD", "GEO_DATE": 1000425600000, "UPDATE_DATE": 1719705600000}}, {"type": "Feature", "id": 4680608, "geometry": {"type": "LineString", "coordinates": [[-116.57048707530438, 53.71568789223794], [-116.5708000800306, 53.715541425413775], [-116.57110368708857, 53.715435695891195], [-116.57133654394657, 53.71532434047167], [-116.5718658668842, 53.71500940718925]]}, "properties": {"OBJECTID": 4680608, "FEATURE_TYPE": 4, "NAME": "", "HWY_NUMBER": "", "ROAD_CLASS": "OTHER", "GEO_SOURCE": "SPTADD", "GEO_DATE": 1120176000000, "UPDATE_DATE": 1664236800000}}, {"type": "Feature", "id": 4680609, "geometry": {"type": "LineString", "coordinates": [[-116.57048707530438, 53.71568789223794], [-116.57054447697594, 53.71570319302008], [-116.57086743055343, 53.715758443357814], [-116.57133115091027, 53.715823743272146], [-116.57197395855589, 53.71585100116317], [-116.57283128510284, 53.715857080175645], [-116.57373935346047, 53.71586351256539], [-116.57686833190058, 53.715869954399025], [-116.58057399630539, 53.71587636635642]]}, "properties": {"OBJECTID": 4680609, "FEATURE_TYPE": 5, "NAME": "Amoco Road", "HWY_NUMBER": " ", "ROAD_CLASS": "OTHER", "GEO_SOURCE": "OPHADD", "GEO_DATE": 1000425600000, "UPDATE_DATE": 1719705600000}}, {"type": "Feature", "id": 4680610, "geometry": {"type": "LineString", "coordinates": [[-116.61467554548885, 53.720309767744915], [-116.61474255484974, 53.720374955956416], [-116.61524485016099, 53.7207108190098], [-116.61563196363826, 53.72097209231446], [-116.61590298377604, 53.721134995569535], [-116.61609800026926, 53.72119898784939], [-116.61633256770408, 53.721248170704925], [-116.61658991492372, 53.72126373291953], [-116.61687004443361, 53.72124567610775], [-116.61716548175716, 53.721208377401965], [-116.61758011252348, 53.72114091493162], [-116.61777385786928, 53.7211187182797], [-116.61791400242866, 53.72106026505993], [-116.61814491710398, 53.721014317093385], [-116.618377553207, 53.72098343839131], [-116.61839364336602, 53.72098130281878], [-116.61846422670013, 53.7209719336173], [-116.61860244107193, 53.720953587503224], [-116.61861907428329, 53.72095137981344], [-116.61870370959265, 53.720940145214556], [-116.61891949829867, 53.72091819382881], [-116.61929585520949, 53.72089883090687], [-116.61972907652141, 53.72089773259568], [-116.62002633858127, 53.720907989550376], [-116.62026017583797, 53.720938139099374], [-116.62054066724619, 53.72092958698768], [-116.62077286016986, 53.72091692765893], [-116.62100395378877, 53.7208757308363], [-116.62130612347167, 53.72080501795902], [-116.62192485020826, 53.720620566777136], [-116.62220332367566, 53.72055969063393], [-116.62249783562669, 53.720498596621184], [-116.62270633438085, 53.720495772632844], [-116.62299484032687, 53.72048710529277], [-116.62323596561903, 53.72049811477773], [-116.62346925309673, 53.720513989098016], [-116.62367119812167, 53.720549322383334], [-116.62403646021217, 53.72065858353838], [-116.62463758046987, 53.72085030286507], [-116.624871972179, 53.72089471232594], [-116.62514462581429, 53.72089101393579], [-116.62531302918788, 53.72088872933041], [-116.62563979949081, 53.72083194813432], [-116.62638736335293, 53.72066000184773], [-116.62664214167394, 53.720608955241374], [-116.62689581768323, 53.72052936931582], [-116.6272404572027, 53.72051992942329], [-116.62757689325346, 53.720505841781936], [-116.62785027888215, 53.72052116280125], [-116.62857273684303, 53.720530378339035], [-116.62880687460576, 53.72052719518267], [-116.62907794322815, 53.72052350937085], [-116.62945465909965, 53.72051362780877], [-116.6298231711636, 53.720499096662856], [-116.63007886250844, 53.72047182403838], [-116.6303341870126, 53.72043503763915], [-116.63058840691714, 53.7203697128678], [-116.63086649921637, 53.720299304357496], [-116.63108227785379, 53.720277331131754], [-116.63125159875733, 53.72029881941855], [-116.63142893944394, 53.72032019915204], [-116.6315676569622, 53.72038017483583], [-116.63168250322258, 53.720445233706556], [-116.63178223142722, 53.72053429304654], [-116.63183340479054, 53.72058013042419], [-116.63189947007376, 53.72063930572559], [-116.63206482818053, 53.72078742012848], [-116.63222834399721, 53.720866091862554], [-116.6323661433185, 53.72090228539073], [-116.63268147257675, 53.720964611392446], [-116.63310123570484, 53.721030272083496], [-116.6334559251515, 53.721073024847364], [-116.63384997327775, 53.72109620424183], [-116.6342513037521, 53.721100247452135], [-116.63453142222563, 53.72108214942611], [-116.63489919914313, 53.721048578062494], [-116.63538652655271, 53.72099433808007], [-116.63585818257417, 53.72094982832676], [-116.63615705587307, 53.7208981583939], [-116.63645210329476, 53.72085129908528], [-116.63675442928105, 53.72078530404604], [-116.63696836118638, 53.72071575790181], [-116.6372043156923, 53.72059356284577], [-116.63738395147423, 53.720467377968546], [-116.63754810152425, 53.720355681835855], [-116.63768579084577, 53.72018248140727], [-116.63776117597929, 53.72005772194163], [-116.63782909567033, 53.71994734003536], [-116.63787314299199, 53.71984204358789], [-116.637859763169, 53.71970422116554], [-116.63779099140923, 53.7195861906997], [-116.63745884905563, 53.71909105454963], [-116.63713022634948, 53.718686286291906], [-116.63666684652918, 53.71811680004522], [-116.63624900553211, 53.71748006691164], [-116.63603728036689, 53.717192670563], [-116.63563208977693, 53.71667473234126], [-116.63527557398014, 53.71617040567366], [-116.63517289677041, 53.716005248093545], [-116.63515261554808, 53.71589607155432], [-116.63515583705674, 53.715772298651345], [-116.6352326982136, 53.715685590776], [-116.63536623873453, 53.71561238464114], [-116.63556521691183, 53.71557159784284], [-116.63600566208284, 53.71555130700617], [-116.6376984180232, 53.71555197072227], [-116.6387992601092, 53.71558849900791], [-116.63911975519632, 53.71557816517556], [-116.63928990964355, 53.7155698888163], [-116.63958929904517, 53.715541572273715], [-116.63978679240397, 53.715462727595536], [-116.64001485708997, 53.71538745786213], [-116.64018177177225, 53.71529594447643], [-116.64034729908836, 53.71516875914459], [-116.6404788223972, 53.7149409133299], [-116.64051158142074, 53.7144943249991], [-116.64056716077965, 53.71411880551789], [-116.6406546574584, 53.71379043736072], [-116.640565223734, 53.71355372053089], [-116.64045690383722, 53.713347004985195], [-116.64028891592528, 53.713153004208685], [-116.64017589613357, 53.713083169429254], [-116.63992187420763, 53.71299741916464], [-116.63936441829317, 53.71284443818335], [-116.63899645804824, 53.71266506909641], [-116.63860475976888, 53.71239084658589], [-116.63827504687615, 53.712163363598165], [-116.63801687616797, 53.71197059215079], [-116.63782909267927, 53.711782806681825]]}, "properties": {"OBJECTID": 4680610, "FEATURE_TYPE": 4, "NAME": "", "HWY_NUMBER": " ", "ROAD_CLASS": "OTHER", "GEO_SOURCE": "SPTADD", "GEO_DATE": 1378944000000, "UPDATE_DATE": 1590537600000}}, {"type": "Feature", "id": 4680693, "geometry": {"type": "LineString", "coordinates": [[-116.59656079573074, 53.66274135509012], [-116.59668570427877, 53.66269236512825]]}, "properties": {"OBJECTID": 4680693, "FEATURE_TYPE": 4, "NAME": "", "HWY_NUMBER": " ", "ROAD_CLASS": "OTHER", "GEO_SOURCE": "20KADD", "GEO_DATE": 484444800000, "UPDATE_DATE": 1661817600000}}, {"type": "Feature", "id": 4706560, "geometry": {"type": "LineString", "coordinates": [[-116.50999080333722, 53.628287410870044], [-116.50758611301376, 53.62828822812399]]}, "properties": {"OBJECTID": 4706560, "FEATURE_TYPE": 5, "NAME": "Grande Prairie Trail Road", "HWY_NUMBER": " ", "ROAD_CLASS": "OTHER", "GEO_SOURCE": "SPTADD", "GEO_DATE": 1120176000000, "UPDATE_DATE": 1719705600000}}, {"type": "Feature", "id": 4706561, "geometry": {"type": "LineString", "coordinates": [[-116.51409793680008, 53.628280140500024], [-116.50999080333722, 53.628287410870044]]}, "properties": {"OBJECTID": 4706561, "FEATURE_TYPE": 5, "NAME": "Grande Prairie Trail Road", "HWY_NUMBER": " ", "ROAD_CLASS": "OTHER", "GEO_SOURCE": "SPTADD", "GEO_DATE": 1120176000000, "UPDATE_DATE": 1719705600000}}, {"type": "Feature", "id": 4706565, "geometry": {"type": "LineString", "coordinates": [[-116.54936390202971, 53.628090001639706], [-116.54945332539435, 53.628004025086454], [-116.54951864616802, 53.62784070013979], [-116.54952483228925, 53.62768520574074], [-116.54941094247309, 53.62749594394079], [-116.54925109121838, 53.62734966306418], [-116.54892158315275, 53.627113741718034]]}, "properties": {"OBJECTID": 4706565, "FEATURE_TYPE": 10, "NAME": "", "HWY_NUMBER": " ", "ROAD_CLASS": "OTHER", "GEO_SOURCE": "SPTADD", "GEO_DATE": 1530057600000, "UPDATE_DATE": 1584057600000}}, {"type": "Feature", "id": 4706566, "geometry": {"type": "LineString", "coordinates": [[-116.54936390202971, 53.628090001639706], [-116.5489921330912, 53.62806650922573], [-116.54868148056248, 53.628021079458236], [-116.54845346110017, 53.627960451703316], [-116.54825797727906, 53.62781463054064], [-116.54781174431483, 53.62731177183682], [-116.54748895478582, 53.62693447350193], [-116.5472030935244, 53.626267060448306], [-116.54706959006705, 53.625866121606265], [-116.54690122761372, 53.625161866813755], [-116.54682815256773, 53.62478840363732], [-116.54680981745892, 53.62428707473683], [-116.54678841670008, 53.62422788658267]]}, "properties": {"OBJECTID": 4706566, "FEATURE_TYPE": 10, "NAME": "", "HWY_NUMBER": " ", "ROAD_CLASS": "OTHER", "GEO_SOURCE": "SPTADD", "GEO_DATE": 1530057600000, "UPDATE_DATE": 1584057600000}}, {"type": "Feature", "id": 4706568, "geometry": {"type": "LineString", "coordinates": [[-116.54943674554312, 53.62837910693588], [-116.54936390202971, 53.628090001639706]]}, "properties": {"OBJECTID": 4706568, "FEATURE_TYPE": 4, "NAME": "", "HWY_NUMBER": " ", "ROAD_CLASS": "OTHER", "GEO_SOURCE": "OPHADD", "GEO_DATE": 1346457600000, "UPDATE_DATE": 1584057600000}}, {"type": "Feature", "id": 4706585, "geometry": {"type": "LineString", "coordinates": [[-116.50999080333722, 53.628287410870044], [-116.509919917562, 53.62867029458693], [-116.50987129289163, 53.62898380867487], [-116.5098857895962, 53.62905473973294], [-116.50988781997968, 53.629111604733424]]}, "properties": {"OBJECTID": 4706585, "FEATURE_TYPE": 10, "NAME": "", "HWY_NUMBER": " ", "ROAD_CLASS": "OTHER", "GEO_SOURCE": "SPTADD", "GEO_DATE": 1413849600000, "UPDATE_DATE": 1453248000000}}, {"type": "Feature", "id": 4706589, "geometry": {"type": "LineString", "coordinates": [[-116.65474831471883, 53.623610623961966], [-116.65475738177783, 53.624246061016215], [-116.65476073554733, 53.62465802335111], [-116.65474481406312, 53.62534892509921], [-116.6547718805428, 53.62644001116283], [-116.65477551999628, 53.62733170655448]]}, "properties": {"OBJECTID": 4706589, "FEATURE_TYPE": 4, "NAME": "", "HWY_NUMBER": " ", "ROAD_CLASS": "OTHER", "GEO_SOURCE": "SPTADD", "GEO_DATE": 1413849600000, "UPDATE_DATE": 1583712000000}}, {"type": "Feature", "id": 4706689, "geometry": {"type": "LineString", "coordinates": [[-116.50762809694055, 53.63966837849984], [-116.50762843710034, 53.63971466019436]]}, "properties": {"OBJECTID": 4706689, "FEATURE_TYPE": 4, "NAME": "", "HWY_NUMBER": " ", "ROAD_CLASS": "OTHER", "GEO_SOURCE": "SPTADD", "GEO_DATE": 1530057600000, "UPDATE_DATE": 1586390400000}}, {"type": "Feature", "id": 4706691, "geometry": {"type": "LineString", "coordinates": [[-116.50762843710034, 53.63971466019436], [-116.50745091925307, 53.63973050685189], [-116.50720919295414, 53.63982349239647], [-116.50695351720576, 53.63992950133789], [-116.5068253736388, 53.63997394363455], [-116.50670321218571, 53.639984047236204], [-116.50660818927311, 53.63994669670165], [-116.50648404444647, 53.63990114770487], [-116.50642443018931, 53.63984621974605], [-116.50638520639389, 53.63975677189031]]}, "properties": {"OBJECTID": 4706691, "FEATURE_TYPE": 10, "NAME": "", "HWY_NUMBER": " ", "ROAD_CLASS": "OTHER", "GEO_SOURCE": "SPTADD", "GEO_DATE": 1530057600000, "UPDATE_DATE": 1586390400000}}, {"type": "Feature", "id": 4706702, "geometry": {"type": "LineString", "coordinates": [[-116.50762843710034, 53.63971466019436], [-116.50763440382252, 53.64082286745128], [-116.50762484616524, 53.64173922408426]]}, "properties": {"OBJECTID": 4706702, "FEATURE_TYPE": 4, "NAME": "", "HWY_NUMBER": " ", "ROAD_CLASS": "OTHER", "GEO_SOURCE": "20KADD", "GEO_DATE": 484444800000, "UPDATE_DATE": 1453248000000}}, {"type": "Feature", "id": 4706766, "geometry": {"type": "LineString", "coordinates": [[-116.50765898560364, 53.6500714196337], [-116.50766168879443, 53.650300498516515], [-116.50765752055243, 53.65136328851452], [-116.50765005724726, 53.65253031141372], [-116.50761878502364, 53.6532266940668], [-116.50762900553036, 53.65547053583592]]}, "properties": {"OBJECTID": 4706766, "FEATURE_TYPE": 4, "NAME": "", "HWY_NUMBER": " ", "ROAD_CLASS": "OTHER", "GEO_SOURCE": "SPTADD", "GEO_DATE": 1413849600000, "UPDATE_DATE": 1453248000000}}, {"type": "Feature", "id": 4706767, "geometry": {"type": "LineString", "coordinates": [[-116.50762900553036, 53.65547053583592], [-116.50852724976313, 53.65548136312402]]}, "properties": {"OBJECTID": 4706767, "FEATURE_TYPE": 14, "NAME": "", "HWY_NUMBER": " ", "ROAD_CLASS": "OTHER", "GEO_SOURCE": "SPTADD", "GEO_DATE": 1530057600000, "UPDATE_DATE": 1587081600000}}, {"type": "Feature", "id": 4706785, "geometry": {"type": "LineString", "coordinates": [[-116.50762900553036, 53.65547053583592], [-116.50764121549086, 53.65841547770263]]}, "properties": {"OBJECTID": 4706785, "FEATURE_TYPE": 4, "NAME": "", "HWY_NUMBER": " ", "ROAD_CLASS": "OTHER", "GEO_SOURCE": "SPTADD", "GEO_DATE": 1399766400000, "UPDATE_DATE": 1587081600000}}, {"type": "Feature", "id": 4706823, "geometry": {"type": "LineString", "coordinates": [[-116.58125403826948, 53.656850666550405], [-116.58117544526925, 53.657950387268016], [-116.58111604101431, 53.65814087210193], [-116.58104008531288, 53.658244629794055], [-116.58083260524498, 53.65838964508062], [-116.57938434514428, 53.65951534700032], [-116.57809591395463, 53.660646827155006], [-116.57802201255424, 53.6608058854241], [-116.57798742213001, 53.660948616644795], [-116.57800898723785, 53.661169649329565], [-116.57849250535372, 53.66235680728331], [-116.57881732682574, 53.663214079862925], [-116.57891575396286, 53.663355057122054], [-116.57909458403786, 53.66351078272946], [-116.57939519972389, 53.66372023033224], [-116.57958615266512, 53.663844177568855], [-116.57972419454664, 53.6639767275339], [-116.58000811569896, 53.66422629510839]]}, "properties": {"OBJECTID": 4706823, "FEATURE_TYPE": 4, "NAME": "", "HWY_NUMBER": " ", "ROAD_CLASS": "OTHER", "GEO_SOURCE": "SPTADD", "GEO_DATE": 1378944000000, "UPDATE_DATE": 1453248000000}}, {"type": "Feature", "id": 4706828, "geometry": {"type": "LineString", "coordinates": [[-116.58000811569896, 53.66422629510839], [-116.57998067668456, 53.664325363004785], [-116.57998134757455, 53.66445872540483], [-116.58000135395241, 53.66453155770008], [-116.58006341943643, 53.66463204699344], [-116.580181774313, 53.6647751892523], [-116.5802040117704, 53.66481779614347], [-116.58021632906186, 53.66486253131594], [-116.58020230528537, 53.664900350472706], [-116.58016764419132, 53.66492768632925], [-116.58012454114422, 53.66494279604188], [-116.58008007155384, 53.66494971223093], [-116.57994043813527, 53.664964318758884], [-116.57676343649626, 53.66501184760005], [-116.57670862413781, 53.66502050579761], [-116.57665236004524, 53.66503513737458]]}, "properties": {"OBJECTID": 4706828, "FEATURE_TYPE": 4, "NAME": "", "HWY_NUMBER": " ", "ROAD_CLASS": "OTHER", "GEO_SOURCE": "SPTADD", "GEO_DATE": 1120176000000, "UPDATE_DATE": 1661817600000}}, {"type": "Feature", "id": 4706854, "geometry": {"type": "LineString", "coordinates": [[-116.58000811569896, 53.66422629510839], [-116.58059849475316, 53.6644844176766], [-116.58093419529229, 53.66462275076728], [-116.58111706288359, 53.66469171819512], [-116.5812296307428, 53.66475566491921], [-116.58126367100924, 53.66486228916885], [-116.58128191967515, 53.6650821437915], [-116.58128039259472, 53.66513028751002], [-116.58126813799167, 53.66551656906932], [-116.58125502397701, 53.6659688303813], [-116.58127085254853, 53.66719401882626], [-116.58132496568146, 53.66890648087995], [-116.58143955893601, 53.669291621049574], [-116.58153145812908, 53.669605679563126], [-116.58153637477267, 53.66973694347612], [-116.58153925261327, 53.66981377520899], [-116.5814153475088, 53.67051733772085], [-116.5813063490415, 53.671351571511885], [-116.58125897475222, 53.671958946982805], [-116.58120513312663, 53.67212621610697], [-116.58107430783008, 53.67237778260296], [-116.58081554056773, 53.67269052252597], [-116.58036585941647, 53.67325561976162], [-116.57988011960278, 53.67392826371568], [-116.5793756713986, 53.67463684471078], [-116.57900250005046, 53.675105750476654], [-116.57882870725432, 53.67528054987268], [-116.57865715358108, 53.675412268091904], [-116.57837898141996, 53.67557795613258], [-116.57781776747166, 53.67584113917012], [-116.5774935418628, 53.67601196891337], [-116.57716820145961, 53.67615307073185], [-116.57691051272337, 53.676227846653155], [-116.57589244805953, 53.67633047725949], [-116.57550044717499, 53.67635137160609], [-116.5750416478766, 53.67636621330702], [-116.57477216523334, 53.67639355138768], [-116.57434468097134, 53.67648245152303], [-116.57406695641892, 53.676557485600455], [-116.57381927246854, 53.67663212329725]]}, "properties": {"OBJECTID": 4706854, "FEATURE_TYPE": 4, "NAME": "", "HWY_NUMBER": " ", "ROAD_CLASS": "OTHER", "GEO_SOURCE": "20KADD", "GEO_DATE": 484444800000, "UPDATE_DATE": 1661817600000}}, {"type": "Feature", "id": 4706859, "geometry": {"type": "LineString", "coordinates": [[-116.56574753804082, 53.67725000667242], [-116.56530603047372, 53.6772433874709], [-116.56492461786644, 53.67722457905374], [-116.56461264331193, 53.67718701553287], [-116.56429934583896, 53.67711377886322], [-116.56395446687715, 53.67699931357682]]}, "properties": {"OBJECTID": 4706859, "FEATURE_TYPE": 4, "NAME": "", "HWY_NUMBER": " ", "ROAD_CLASS": "OTHER", "GEO_SOURCE": "20KADD", "GEO_DATE": 484444800000, "UPDATE_DATE": null}}, {"type": "Feature", "id": 4706860, "geometry": {"type": "LineString", "coordinates": [[-116.56578873289624, 53.67725076480009], [-116.56574753804082, 53.67725000667242]]}, "properties": {"OBJECTID": 4706860, "FEATURE_TYPE": 4, "NAME": "", "HWY_NUMBER": " ", "ROAD_CLASS": "OTHER", "GEO_SOURCE": "20KADD", "GEO_DATE": 484444800000, "UPDATE_DATE": null}}, {"type": "Feature", "id": 4706861, "geometry": {"type": "LineString", "coordinates": [[-116.56982074067547, 53.67743304371879], [-116.56941057453213, 53.67742760253189], [-116.56866710945312, 53.67737191035932], [-116.56769332470833, 53.67731923006039], [-116.56644894487468, 53.677264132225055], [-116.56578873289624, 53.67725076480009]]}, "properties": {"OBJECTID": 4706861, "FEATURE_TYPE": 4, "NAME": "", "HWY_NUMBER": " ", "ROAD_CLASS": "OTHER", "GEO_SOURCE": "SPTADD", "GEO_DATE": 1120176000000, "UPDATE_DATE": 1663027200000}}, {"type": "Feature", "id": 4706865, "geometry": {"type": "LineString", "coordinates": [[-116.5582906471564, 53.6855633536249], [-116.55935088516132, 53.68500059773774], [-116.56072407510192, 53.68419750737628], [-116.5611357136869, 53.68394825385094], [-116.56124104503472, 53.68381601382618], [-116.56133768091878, 53.6837195775431], [-116.56148329392624, 53.68359276095334], [-116.5617090299786, 53.68346489840764], [-116.56214090616274, 53.68322132535855], [-116.56248594180776, 53.68306811136146], [-116.56277825636606, 53.68284420252215], [-116.5630109161178, 53.68263296841027], [-116.56329860000018, 53.682284200639835], [-116.56348051773425, 53.682055782277594], [-116.56355072693866, 53.681787182871396], [-116.5636090406926, 53.68119751979374], [-116.56376045156023, 53.68041628890515], [-116.56397378818342, 53.678872840649184], [-116.5640389222688, 53.678467491183426], [-116.56408216388802, 53.678282523152454], [-116.56412684018896, 53.67819669765818], [-116.56415698864896, 53.678138781034335], [-116.56425250345144, 53.67801261519317], [-116.56437872137373, 53.67790389296822], [-116.56452474619026, 53.677788963848776], [-116.56474956063927, 53.67763731357471], [-116.56506516039747, 53.67750232203948], [-116.56532199642564, 53.67740378836938], [-116.56578873289624, 53.67725076480009]]}, "properties": {"OBJECTID": 4706865, "FEATURE_TYPE": 4, "NAME": "", "HWY_NUMBER": " ", "ROAD_CLASS": "OTHER", "GEO_SOURCE": "SPTADD", "GEO_DATE": 1378944000000, "UPDATE_DATE": 1663027200000}}, {"type": "Feature", "id": 4706904, "geometry": {"type": "LineString", "coordinates": [[-116.54659233086915, 53.71568227586777], [-116.54856147268852, 53.71538263596986], [-116.55184982749775, 53.714816618850044], [-116.55424173977018, 53.71441680460353], [-116.55651419383064, 53.7140094593097]]}, "properties": {"OBJECTID": 4706904, "FEATURE_TYPE": 5, "NAME": "Amoco Road", "HWY_NUMBER": " ", "ROAD_CLASS": "OTHER", "GEO_SOURCE": "OPHADD", "GEO_DATE": 1000425600000, "UPDATE_DATE": 1719705600000}}, {"type": "Feature", "id": 4706905, "geometry": {"type": "LineString", "coordinates": [[-116.55651419383064, 53.7140094593097], [-116.55754910797617, 53.71382658889503], [-116.55980059090432, 53.7134284887007], [-116.560622218533, 53.71328005698515], [-116.56093611912013, 53.713223346716774], [-116.56161456756483, 53.713131225136834], [-116.5621644830851, 53.713088364803525], [-116.562625075745, 53.713070459791545], [-116.56304690140294, 53.713088750960225], [-116.56315292307666, 53.71310358901447], [-116.56359120211796, 53.7131649259485], [-116.56427846833957, 53.71331061410407], [-116.56531092103205, 53.71357075695294], [-116.56600173198966, 53.713811564067754], [-116.56612402653363, 53.7138631433099], [-116.56695933112458, 53.71421543534334], [-116.569591237715, 53.715418262551715], [-116.57011907749477, 53.71558979980224], [-116.57048707530438, 53.71568789223794]]}, "properties": {"OBJECTID": 4706905, "FEATURE_TYPE": 5, "NAME": "Amoco Road", "HWY_NUMBER": " ", "ROAD_CLASS": "OTHER", "GEO_SOURCE": "OPHADD", "GEO_DATE": 1000425600000, "UPDATE_DATE": 1719705600000}}, {"type": "Feature", "id": 4706909, "geometry": {"type": "LineString", "coordinates": [[-116.55651419383064, 53.7140094593097], [-116.55655954840195, 53.71458739651281], [-116.55659401686044, 53.715520837309], [-116.5566255795052, 53.71563411768971], [-116.55665564512616, 53.7157068144054], [-116.55676661109318, 53.715745975535384], [-116.55694539535611, 53.715768014821755], [-116.55786248758083, 53.7157642127265], [-116.55812217316635, 53.715752714767355], [-116.55832742584464, 53.71575004495886], [-116.55854691114932, 53.715801953031935], [-116.55874393259275, 53.71590704137535], [-116.55887038535634, 53.71599472460093]]}, "properties": {"OBJECTID": 4706909, "FEATURE_TYPE": 4, "NAME": "", "HWY_NUMBER": " ", "ROAD_CLASS": "OTHER", "GEO_SOURCE": "SPTADD", "GEO_DATE": 1540080000000, "UPDATE_DATE": 1664236800000}}]}